0.522035368 0.48964898512682514 -0.05601356587304969 0.8629375465252873 0.11155779936595009
3.448713059 0.985289814696922 0.164066515341979 0.02359398779370303 -0.04158705733802054
3.522141083 0.98528715630452 0.16407454986822298 0.023629168300107164 -0.04159836670276399
3.568805132 0.9852847771123348 0.1640958072219567 0.023615822011543414 -0.04157844385725032
3.608758014 0.9852843954101385 0.16409509651391121 0.023618040381765775 -0.04158903256741461
3.655458889 0.98528733746484 0.16408019054368 0.023608225652418473 -0.041583715372016064
3.6956912 0.9852845692070815 0.16409620542386513 0.023614170663298205 -0.041582736703940464
3.742079096 0.9852839674203845 0.1640991250173063 0.02361186945184854 -0.04158678075891732
3.788805973 0.9852855739356599 0.1640928271242696 0.02362385265721402 -0.041566759150460535
3.835480251 0.9852860665239649 0.16408985686576888 0.023610494682512882 -0.04157439751038918
3.875419241 0.9852884230521047 0.16407704537833645 0.023636468106622597 -0.04155434940961809
3.908802865 0.985289488426307 0.1640583333284909 0.02364336529970375 -0.041599020894832674
3.948792367 0.9852925237673125 0.1640389531751354 0.023636459373204903 -0.04160747814690111
3.988976536 0.9852906967731078 0.16405390978500944 0.02361484398745374 -0.041604046438588504
4.035553035 0.9852948351914493 0.16402189266087205 0.023620522303321373 -0.04162904513820151
4.075480864 0.9852931508773566 0.16403389336593327 0.023629447393558795 -0.041616557729578695
4.108888509 0.9852898776979919 0.16405591156265953 0.023618327950222624 -0.041613571969454144
4.148822375 0.9852898982361386 0.16405350558208895 0.023615445708839694 -0.04162420526592776
4.195452792 0.9852856108969296 0.16407958941939726 0.023604461975420054 -0.041629108449224926
4.235354521 0.9852881277800726 0.16406705697798635 0.02360822742790105 -0.04161679550294843
4.268833317 0.985286813555504 0.16407134148103714 0.023589562734889973 -0.04164159540929046
4.308781654 0.9852892421186553 0.16406336792118648 0.023604319350904013 -0.041607172213258325
4.348726116 0.9852854956137416 0.1640796428716079 0.023628054990897013 -0.04161824054013581
4.395419528 0.9852841328921365 0.16409388365954372 0.02360016401602218 -0.04161017994356199
4.435404543 0.9852803872083967 0.16411955052997398 0.023618452203677323 -0.041587262855515575
4.468791665 0.9852788679287798 0.164129777394193 0.023615910335683915 -0.04158434037629834
4.508706668 0.9852754537416608 0.1641468179619159 0.02361263707918431 -0.0415998290538401
4.542056166 0.9852751422892477 0.1641552080207017 0.023601483538586838 -0.0415804237756263
4.582084458 0.9852692644099339 0.16418503961121456 0.023608111412841557 -0.041598154436112124
4.622193911 0.985266590253232 0.1642025607844415 0.02359506312238944 -0.04159973748537378
4.655781015 0.9852633330407303 0.16422173618275004 0.02357540956203437 -0.041612329838363625
4.702024221 0.9852645629523124 0.1642210970375658 0.023575856074385466 -0.04158546968025329
4.742244078 0.9852670294758837 0.16421379554499263 0.023559272420827105 -0.04156525789017505
4.782015181 0.9852708361872632 0.164183588971486 0.023573370724758663 -0.04158635189538009
4.81555481 0.9852708666593251 0.16417699236354522 0.023578965224969644 -0.041608495403736255
4.855466254 0.9852704696829161 0.1641784359837253 0.023583724574159092 -0.04160950208731263
4.888839663 0.9852643958896363 0.16421112876345134 0.02359728207708162 -0.04161662721843185
4.93542154 0.9852551526576405 0.16426644763729262 0.023585855647089236 -0.04162362016438408
4.968826208 0.9852568781843187 0.16425613129908914 0.023590525927490034 -0.04162084102479611
5.008747323 0.9852573177017093 0.1642549562055153 0.02359356751691482 -0.04161334940835892
5.042094641 0.9852621640387922 0.16422383915344688 0.02360193919439854 -0.04161667014025635
5.082065613 0.9852617030473783 0.16422948233755197 0.02358860098832193 -0.041612877126357424
5.122150036 0.98526494294851 0.16421222403128974 0.023575503437155535 -0.04161169682975955
5.155539652 0.9852610502016104 0.1642362665654492 0.023561172173752056 -0.041617098241726526
5.195426997 0.9852602393225343 0.16424334493758722 0.02356598083872258 -0.041605636648467816
5.242063795 0.9852588027099689 0.16425093931201018 0.023563642425824614 -0.04161100062806496
5.275575074 0.9852540186422477 0.1642754176930202 0.023575316750896046 -0.04162103231756996
5.322222573 0.9852589746114964 0.16424305918922308 0.023594535473372584 -0.04162052800558866
5.362258108 0.9852610353554282 0.16422726519471792 0.023604721747495304 -0.04162829192072005
5.40202365 0.9852606143571389 0.16423154794668707 0.023614389711175056 -0.04161587502620939
5.435437149 0.9852581247262183 0.16424477823835373 0.02361715242150411 -0.04162103547377425
5.468772689 0.9852600891613977 0.16423481630208214 0.023597227696435973 -0.04162514462363289
5.508805766 0.9852595387831515 0.16423707918201913 0.02360872115603578 -0.041622726291623134
5.548801163 0.9852546805471826 0.16426266927619318 0.0236074768010557 -0.04163744686237156
5.582171882 0.9852515935509291 0.1642842509796596 0.02360276555381119 -0.041628016330580025
5.622133944 0.9852530973006773 0.16427006663595978 0.023598707405614514 -0.041650695980063074
5.655481601 0.9852499525569862 0.1642868404091804 0.023603738095250966 -0.04165607522025881
5.688829837 0.9852477551334392 0.16429378680076454 0.02361456062460757 -0.04167451439057558
5.722271142 0.9852492041177299 0.16428350494403895 0.023609618986272375 -0.04168359005657903
5.762112947 0.9852519215086831 0.1642673362576781 0.023630168687871482 -0.04167143542089097
5.795517704 0.9852493164210239 0.16428147753349126 0.023643416557264783 -0.04166976703580025
5.835554635 0.9852473045532583 0.16429690672941283 0.023640230899268918 -0.041658310007911065
5.86897327 0.9852426985757261 0.16432568086939753 0.02365224574477818 -0.041646930034021715
5.909155539 0.9852412350360906 0.164336828784962 0.023658252478111298 -0.0416341515962877
5.949036705 0.9852427194980353 0.16433176553445944 0.023637101586294576 -0.041631021378803104
5.995642456 0.9852400690842529 0.16433399338762134 0.023667203462919267 -0.04166783373753311
6.035428002 0.9852400439864096 0.16433779626703815 0.02365461578635244 -0.04166057603719708
6.082126455 0.9852426195531994 0.16432177763543573 0.0236559568467885 -0.04166208967806295
6.122256623 0.9852469415732954 0.16430466671813457 0.023629662356430364 -0.041642282262519634
6.162085111 0.9852467769273776 0.16430257600160658 0.023626665191444345 -0.04165612518444228
6.202026927 0.9852444423297586 0.16431439253339464 0.023637933928389313 -0.0416583406330815
6.2420746 0.9852391895469362 0.16433988754302306 0.02366501108781686 -0.04166662925479455
6.275419482 0.9852407295657601 0.1643259359411709 0.023671011820158044 -0.04168182794932236
6.315462234 0.985241225687948 0.16432045186235883 0.02368263587758042 -0.04168511799851557
6.362038387 0.9852391611615177 0.1643342215371841 0.023671258632875926 -0.04168609432715336
6.402113642 0.985238262769672 0.164346480176659 0.02366598029712929 -0.04166198992748445
6.442203961 0.9852366406779081 0.16435811939026085 0.02366865940047788 -0.04165291128350694
6.475666589 0.9852388567746195 0.1643455345737962 0.02366886968366423 -0.0416500297117764
6.51541057 0.9852368690357205 0.1643580678322219 0.023665622450486597 -0.04164943871386882
6.548755412 0.9852388994789143 0.16435086283142716 0.02367169764420634 -0.04162638070724563
6.588990027 0.9852416305620475 0.16433831857843437 0.023681489453507683 -0.04160569085491102
6.628859103 0.985239627726964 0.16435010924713495 0.02366013558274135 -0.0416186920877445
6.67537815 0.9852380701959452 0.164360448461771 0.023667024129054345 -0.04161081574410881
6.708730751 0.9852395556758858 0.16434650009153276 0.0236763689270005 -0.04162541763970021
6.748717699 0.9852424508533904 0.16433400371608975 0.02365470622945447 -0.04161854312975675
6.788858638 0.9852410570348321 0.1643395744089445 0.023643034902069697 -0.041636170772459014
6.83547173 0.9852409176043693 0.16434308400870795 0.02364264953176195 -0.041625835003343735
6.868812808 0.9852412301744213 0.16434140474216274 0.023654963612340284 -0.041618069972843036
6.908803839 0.9852391126666785 0.16435753597454472 0.02365532286389414 -0.041604289927328036
6.942344103 0.9852370654386788 0.16436703088867816 0.02364476794420784 -0.041621256486145286
6.98900052 0.9852337491444954 0.1643854220464693 0.02362925551469095 -0.041635932187324184
7.035689392 0.9852310564039114 0.1644034755037979 0.023592566482898633 -0.04164917221572358
7.075422859 0.9852308585999552 0.16440451460899944 0.023591024844382802 -0.04165062286888643
7.10878437 0.985229372851298 0.16441245435960286 0.02359331081254564 -0.04165313202380147
7.149076265 0.9852235717291897 0.16444523917645296 0.02358801334189853 -0.04166392501864969
7.195737063 0.9852242542975886 0.16443892189586357 0.023602506378416113 -0.04166451010324341
7.235485355 0.9852298819340707 0.16440474954002224 0.02359994185252655 -0.04166774312843324
7.268822785 0.9852270170224549 0.16441995952510416 0.023606152125529536 -0.04167195004586428
7.302407128 0.9852265748790986 0.16442082329698357 0.023614769914268918 -0.041674112590889024
7.342123086 0.9852268588088275 0.1644156720499272 0.023638834046654313 -0.04167408056545825
7.388877083 0.985230576498493 0.16439811829605142 0.023609974923677828 -0.04167180002433413
7.43550092 0.9852273780762258 0.1644184151331454 0.02358880774233189 -0.04167932825089286
7.475353487 0.9852227511903676 0.1644483639130577 0.02360410081067792 -0.04166188387628462
7.508947379 0.9852246777737392 0.16443854816281853 0.023597164229053228 -0.041658996916432156
7.548708905 0.9852277408906418 0.16441581792317095 0.02363132552385125 -0.04165690639213279
7.582280828 0.9852251356893437 0.16443258323982946 0.023620564628136314 -0.04165845054294493
7.62877757 0.9852212553552113 0.16445132429972378 0.02364755283103403 -0.04166093106823474
7.662175006 0.9852165003128082 0.16447548997493855 0.023663285364826973 -0.04166904888078398
7.70216297 0.9852155878243911 0.16448049794487313 0.023659052916884533 -0.04167325903648509
7.742175637 0.9852143865752566 0.16448742587430323 0.023664196154232608 -0.041671393482345276
7.775734545 0.9852166355609707 0.16447188675404834 0.02366574277720335 -0.04167867680587243
7.815506973 0.9852175235754953 0.1644631346793839 0.023668479829926606 -0.04169066602657741
7.862048198 0.9852143648385691 0.16447990222391348 0.023686462748419266 -0.04168895012607755
7.90886007 0.9852147948371415 0.1644836565750642 0.023658017032773322 -0.04168012696456884
7.942233619 0.985214282772503 0.16448676571899687 0.023646961404225564 -0.04168623442712608
7.982045391 0.9852144749189546 0.16448509310165638 0.023647702826069247 -0.04168787243981079
8.015662524 0.9852133788018959 0.16448587881454155 0.02364146170849382 -0.04171420847440103
8.062137527 0.985209372460209 0.16451438156278253 0.023635057162915654 -0.041700056936198444
8.095544574 0.9852047137720794 0.16453833794197373 0.02363713015539446 -0.04171442660021764
8.135387211 0.9851986719325744 0.16457545756883818 0.02363109106185779 -0.041714111803147026
8.175631416 0.9852035809444354 0.16453866529516334 0.023623801242180227 -0.041747427849123595
8.215473316 0.9852062865282715 0.16452197774835792 0.023634775849663045 -0.04174313348897601
8.249107524 0.9852033370311123 0.1645415585207106 0.023627050334519513 -0.04173994148086683
8.288964058 0.9852039910668036 0.16453539072918075 0.02362314139595927 -0.04175102842115419
8.322304655 0.9852046430741878 0.16453624211499598 0.023630932732383942 -0.04172787214722649
8.355678924 0.9852047964333286 0.16453387337939027 0.0236308431290696 -0.0417336416880663
8.389046173 0.98520600269972 0.164527837169459 0.023599427785508404 -0.041746736985972574
8.428747312 0.9852094858550754 0.1645131647990401 0.02360077885829544 -0.041721587053512504
8.462165353 0.985211080644568 0.16449181809053115 0.023623130752876427 -0.041755431381638536
8.495572443 0.9852125437042532 0.16447983146434947 0.023617630519344422 -0.04177123768702969
8.54229681 0.9852113060557218 0.16449107904851848 0.02362203672923172 -0.041753643124830604
8.588909944 0.985206430658297 0.16452991311656048 0.023611338216101403 -0.041721713615815545
8.635509652 0.9852105474368195 0.16450305886213104 0.02362533095911562 -0.04172247093973604
8.668871556 0.9852107751659172 0.16450312436463546 0.023612179248640154 -0.04172428024994855
8.708898816 0.9852105041034035 0.16450224590050191 0.023621141414510372 -0.04172907111695765
8.755545893 0.9852100152922432 0.16450103458223 0.023657662491463137 -0.04172469765827229
8.788892776 0.9852083388887458 0.1645092111896211 0.023673862875955326 -0.04172285506023464
8.822243377 0.9852115435248342 0.16449363670525155 0.02367554140755118 -0.04170763392898103
8.855605248 0.9852113276948634 0.16449358817451512 0.023665773467582456 -0.041718465903945845
8.902062555 0.9852101061335335 0.16449935542810337 0.02365619242116722 -0.04173000594563734
8.935638378 0.9852075858463295 0.16452333643149988 0.023621329509233017 -0.04171471386107251
8.975627741 0.9852057138532322 0.16453869744327143 0.023605671266635653 -0.04170720223973893
9.015466509 0.9852053214484847 0.16453863120650775 0.0236010393469566 -0.04171935248802572
9.048872568 0.9852059710091547 0.16453649824626937 0.023582470751636178 -0.04172292542490686
9.089032222 0.9852005837151083 0.1645687287276563 0.02357994791291637 -0.04172444641690658
9.128856493 0.9851967108749029 0.16459110850450823 0.023577771145612866 -0.04172884602209082
9.175571842 0.9851956844296639 0.16459249216275848 0.02357526414292367 -0.04174903382606511
9.215441202 0.9851961543521631 0.1645931319919999 0.023577805671977915 -0.04173398411926818
9.248807614 0.9851945634723464 0.16460147217784218 0.0235880015925633 -0.04173288442330899
9.288945596 0.985191531775386 0.16461197394100407 0.023591077116969027 -0.04176128390957455
9.335470943 0.985186716146736 0.16463427292068694 0.023604776779370812 -0.041779241509195375
9.375415696 0.9851860989079425 0.164639438676463 0.02360195183049247 -0.04177503585444514
9.408917251 0.9851873947383153 0.16462838736460048 0.023620699585088206 -0.041777432587140985
9.455489185 0.9851846554248571 0.16464797924554178 0.023614930995468734 -0.04176808207045906
9.495506935 0.985186251704004 0.16463293566395873 0.023593944759404312 -0.04180157555370433
9.535389108 0.985185163062344 0.16464075575324505 0.023588837800260293 -0.04179931528214393
9.575625668 0.985182532647627 0.164653917692418 0.023601144960492763 -0.041802520391713845
9.615645442 0.9851820414270869 0.16464906257047895 0.023630126909444847 -0.04181684524762553
9.655695889 0.9851782221585597 0.16466821554952477 0.02365255263045881 -0.04181872937211688
9.702057448 0.9851786103043383 0.1646596763690892 0.023666473059751385 -0.041835329922825584
9.742038365 0.9851739791401726 0.16468793184746133 0.023671191777191354 -0.04183049854797547
9.775466024 0.9851729737129202 0.16469557365458107 0.02366814115174126 -0.04182581713071262
9.822187113 0.9851731998444532 0.16468658178357026 0.023679659210890467 -0.04184937070423748
9.862256325 0.9851699366366246 0.16470679837520452 0.023679125820892686 -0.04184692959749053
9.902033788 0.9851746714463543 0.16467583053151671 0.023676324075435247 -0.04185892088430145
9.935452466 0.9851750924407275 0.16466942618543112 0.023688873900290976 -0.041867106032076294
9.968819784 0.985175182998647 0.16466454215375828 0.023711618134854756 -0.041871309106623934
10.002217965 0.985174713164688 0.16466426879586532 0.02372693865808837 -0.04187475975708205
10.04213098 0.9851748480650186 0.16466438099108083 0.023736608785378747 -0.041865663451824776
10.07548258 0.9851769132350803 0.1646544371344813 0.023753403369643593 -0.04184664608884818
10.115520995 0.9851805292483267 0.16463591344437553 0.02373115406544124 -0.04184702045600793
10.162080216 0.9851843805649659 0.16460974551843918 0.023719966309842803 -0.04186563231863391
10.202075174 0.9851918296111061 0.16456644812617288 0.023737456731059533 -0.041850641173083285
10.248730522 0.9851913589745868 0.1645729960057922 0.02371413001246177 -0.04184919623166617
10.28217437 0.9851914537834705 0.1645736066759253 0.023721553142661465 -0.041840354852580586
10.315581065 0.985186734983454 0.16460389548094276 0.023717480721538557 -0.04183462577057725
10.362254351 0.9851861699194362 0.16460965196397595 0.023720316870524935 -0.04182367328837237
10.402324589 0.985189911158304 0.16459047274529026 0.023710219127554204 -0.04181675193386372
10.442254561 0.9851869407010108 0.16460521310275336 0.02371356727595679 -0.04182681458860032
10.489041545 0.9851855116472029 0.1646080400567183 0.023723545773879112 -0.041843687278245896
10.528851556 0.9851860832192111 0.16460881469134706 0.023737779296866008 -0.0418191031844643
10.568855284 0.9851874007693451 0.16460082141449317 0.023723241962942575 -0.041827774812721395
10.608964071 0.9851880584081216 0.16459802444422514 0.02372633252110974 -0.04182153828102844
10.655610287 0.9851904118417913 0.16458525157385545 0.023747838045658554 -0.04180415729959703
10.69549207 0.9851933472435024 0.16456920623793186 0.023736837796712436 -0.04180439494566934
10.735414355 0.9851925657025401 0.16457475693932247 0.023727028828349057 -0.04180653018115663
10.768758795 0.9851905477200055 0.16459204021134347 0.023726512413461166 -0.04178633258515463
10.808791452 0.985191395722362 0.16458873467199556 0.02371287012122834 -0.04178710332518367
10.848864842 0.985190901034247 0.16458454972073644 0.02372742307043118 -0.04180698394990818
10.895506775 0.9851925833090183 0.16457597407699043 0.023738916326814366 -0.041794573824140174
10.942218696 0.9851955477700898 0.16455450229832558 0.0237402580803975 -0.041808474901859904
10.988924024 0.98519484580276 0.16455870088578575 0.023745659753482706 -0.041805423204775996
11.022304505 0.9851940212025734 0.1645658091296209 0.02374550379560874 -0.04179696282876595
11.062084825 0.9851939806979942 0.1645624772687547 0.023767054571997123 -0.0417987869271666
11.095607116 0.9851943310036995 0.16455804767940765 0.023778576085848158 -0.041801416500454894
11.13539584 0.9851927920328599 0.1645685450615022 0.02378034861046086 -0.04179535288525906
11.168740424 0.9851956659190598 0.16455320394109618 0.023788052129904542 -0.041783627210731464
11.215441252 0.9852011374852572 0.16452028814322348 0.023774430936097764 -0.04179198392863072
11.248789033 0.9852017163006049 0.16451867723429617 0.023780084831677414 -0.04178146245427509
11.295437477 0.9852039421763623 0.16449793317558856 0.023808394144392387 -0.04179452918002254
11.335431931 0.9852025105596462 0.16450771223171703 0.023802338694092772 -0.04179323481077487
11.368839704 0.9852058164356999 0.16448362371204142 0.02382276922437875 -0.04179847435377882
11.40873621 0.9852080327225546 0.16446837252065669 0.023836267202374847 -0.04179855338665605
11.44211786 0.9852086170072829 0.1644655147463492 0.023838313143836 -0.04179485925651409
11.475507662 0.9852080062226217 0.1644679240839877 0.02385299253605202 -0.04179140066359744
11.515405801 0.985214259978424 0.1644335229474733 0.023851810352143153 -0.04178001447073058
11.548911391 0.9852130791585543 0.16443735959013195 0.02385940728233615 -0.04178842076558755
11.582303495 0.9852114494145116 0.164447350266094 0.02383851479441074 -0.04179945149657575
11.62239481 0.9852131232718425 0.16444184093284508 0.0238399283535434 -0.04178086284001488
11.655737661 0.985211327800221 0.16445060300138226 0.023847686523612785 -0.04178428644931832
11.695658316 0.9852113777799255 0.16444759047030927 0.023848508562735394 -0.041794493905580404
11.735471262 0.9852114503847271 0.16444605204306664 0.023871840454897028 -0.041785514614127606
11.768866156 0.9852103560288882 0.16444996539329587 0.023877589761498695 -0.04179263048381628
11.815397998 0.9852146626650037 0.16442856848195053 0.023881412646146842 -0.04177310698145748
11.855595706 0.9852144733769953 0.1644261069178328 0.02388734329358467 -0.041783868211424026
11.888972559 0.9852133694239554 0.1644309268158767 0.023910282799688366 -0.041777809794285636
11.922364001 0.9852154198320147 0.16441195354989038 0.02392261303020602 -0.041797064980006515
11.962283804 0.9852150332461823 0.16441273758426878 0.023905027897589408 -0.04181315136396383
11.995672406 0.9852141942154091 0.1644222239498935 0.023872137604141544 -0.041814409407072206
12.035410987 0.9852164086590681 0.164404592004043 0.023885175879157925 -0.04182411517454954
12.068917485 0.9852167811371086 0.1644035425942969 0.023881888435879697 -0.041821343271302956
12.115451446 0.9852133571647316 0.16442622689718073 0.023906780143466616 -0.04179859609757013
12.155745988 0.9852116843324121 0.16443551887809815 0.023902023375171198 -0.04180419195194308
12.195455567 0.9852149746551311 0.1644158589920018 0.023905590141726923 -0.041801935208640346
12.228791273 0.9852181407489953 0.1643938584814101 0.023906599103065328 -0.04181326287211149
12.268919814 0.9852219542010028 0.16437645050838764 0.02389406302271488 -0.04179900992711713
12.302351288 0.9852237105354487 0.16436885646046343 0.023902985810566196 -0.04178237061227962
12.342259981 0.9852241682483747 0.1643702487945217 0.023895759682258377 -0.041770231980840046
12.375648816 0.9852280614409746 0.16434255796809932 0.023900143155366173 -0.041784850686750634
12.415465564 0.9852276138907314 0.16434805299852054 0.023906401746978424 -0.04177020778357771
12.448848179 0.9852295820121606 0.1643312074921026 0.023924521171527963 -0.041779687158283736
12.48889782 0.9852284473927275 0.16433788999107476 0.023936691776032436 -0.04177318695307229
12.535734107 0.9852276669975402 0.16434576522929195 0.023933065160043208 -0.04176268700440267
12.582328655 0.98522871669218 0.1643380928094019 0.023930014597626507 -0.04176986303791194
12.622393879 0.9852270557750064 0.16435006828683432 0.023925685952956348 -0.0417644008062631
12.668887899 0.985224958346832 0.16436739269604847 0.023906426326556422 -0.04175672938676231
12.715541948 0.9852244876200281 0.16437052869977062 0.023913880114642485 -0.04175122305601842
12.755519158 0.9852278624108828 0.16434267493937746 0.023908967637834285 -0.04178403510368263
12.795420196 0.9852248174264673 0.16435841005143476 0.023929052146265704 -0.041782444109098586
12.842072952 0.9852237015177236 0.16436051411365038 0.02393058223116863 -0.041799600501549086
12.87559698 0.9852264323861357 0.16434446441546813 0.02395048066868438 -0.041786940776029693
12.92218717 0.9852309954351633 0.16431981211440774 0.023934844155006227 -0.04178526314142999
12.955597025 0.985230441567976 0.1643240818555297 0.023938550757569503 -0.04177940781934842
12.995484248 0.98523729519568 0.16428604899868018 0.023926024239783794 -0.041774533198839864
13.028887442 0.9852378722260331 0.16428665668294687 0.02391801128808338 -0.04176312133308262
13.068718303 0.9852428005409045 0.16426054356698191 0.023923798251312783 -0.041746253563949474
13.102095308 0.9852414060249362 0.1642732114062534 0.02391130541979367 -0.041736474951831116
13.135571254 0.9852394782022184 0.16429027054979378 0.023887734822032467 -0.04172833233629515
13.16902983 0.985238041793754 0.16429963713578524 0.023878790714567708 -0.04173048757764727
13.208953105 0.9852377477927694 0.1643016158821145 0.023883044105599303 -0.041727203920312955
13.255660835 0.9852372530887726 0.1643097487889292 0.023864150919986313 -0.04171766867739494
13.295598565 0.9852321893394126 0.16433877413979195 0.023861058311160914 -0.04172469652339782
13.335490847 0.9852281317674287 0.1643699275877284 0.023847371368428145 -0.04170561302371085
13.368843181 0.9852288407070199 0.164368262760525 0.023852343210089957 -0.041692581589256705
13.4154863 0.9852315212711704 0.1643498532878117 0.023855234775619866 -0.04170015577633048
13.448821192 0.9852286908681394 0.16436923961750383 0.023850355631511184 -0.0416934082807633
13.489018807 0.9852297780230315 0.16435816091369213 0.023854336847204494 -0.04170911232976822
13.535671013 0.9852238275616582 0.16438767692388814 0.0238646700756708 -0.041727434650395155
13.575487548 0.9852226013386122 0.1643901866489004 0.02385448853764956 -0.04175231396850797
13.615531933 0.9852271433076577 0.16435546967940348 0.02387153272129808 -0.0417720672439235
13.655526522 0.9852301143297091 0.1643300621336548 0.023888998509150584 -0.04179196390751937
13.688863256 0.9852308374177093 0.16432863920228719 0.023872625302808436 -0.04178986839265502
13.728797377 0.9852326797827798 0.1643169574441052 0.02386631578861225 -0.04179597055976601
13.768773445 0.9852293054652357 0.16433514966427085 0.023856455050864766 -0.04180961360401667
13.802226602 0.9852272102167975 0.16434841650400805 0.023855512729156116 -0.04180737678305758
13.835575423 0.9852341943676337 0.16429813657571257 0.02388333269678953 -0.04182452612765589
13.868940055 0.9852316000325348 0.1643094467970436 0.023901554748438497 -0.04183079811799199
13.908792101 0.9852371335843857 0.16427654775221717 0.023907436528276253 -0.041826318791921106
13.955463641 0.9852348959618535 0.16429930148552746 0.023882567649690704 -0.041803854760795275
13.988988823 0.9852338154264284 0.16430137620610485 0.023874327674424267 -0.04182586753621284
14.02902045 0.9852429035037689 0.16425202191651128 0.023876696113964944 -0.041804279380017136
14.068719817 0.9852449885272251 0.16423614134933456 0.02385702433999463 -0.041828756212806455
14.102098345 0.9852414372475329 0.16426045408216183 0.02385721606003765 -0.04181682432947853
14.135469261 0.9852365437404493 0.16428986679009536 0.02385281183397003 -0.041819085548104214
14.17560467 0.985236351317682 0.16429459537199098 0.0238379726635171 -0.04181350299925129
14.208970238 0.985235346584221 0.1642991310064274 0.02384235129912916 -0.041816858754957685
14.248835562 0.9852332808293056 0.1643076831650148 0.023827974681138314 -0.04184011498385929
14.282201749 0.9852317384198579 0.16431139013040266 0.02380910801232504 -0.04187260511667416
14.315603019 0.9852285604095834 0.16432711223614796 0.023816442954062357 -0.04188151122398001
14.34902001 0.9852292781973867 0.16432486898213966 0.023810767868972606 -0.04187665399896523
14.388804875 0.985235307816233 0.16428306277474033 0.02380687949819219 -0.04190102631394552
14.422253291 0.9852364416439883 0.1642799793253949 0.023782744249648137 -0.04190016140178727
14.468901263 0.985238103236393 0.1642661225814201 0.023789524700167645 -0.04191156663453053
14.508747673 0.9852350344631915 0.16428509037815245 0.02380836982132087 -0.0418986571647305
14.542106009 0.9852342001751297 0.1642898950502109 0.023807248775540624 -0.041900072737439814
14.575566138 0.9852318832186384 0.16430962927362797 0.023810488529980977 -0.041875322725702456
14.615626515 0.9852325780064308 0.1643065141982783 0.023830395524665773 -0.041859871905577536
14.648972195 0.9852308975443151 0.1643158698897736 0.023833950939365075 -0.04186067616522994
14.688904121 0.9852322546501241 0.16430587946013722 0.023833950940235007 -0.041867949011654915
14.722237923 0.9852366590351966 0.16428054108643333 0.023834334157353053 -0.04186351667965897
14.762175793 0.9852335616130137 0.16430211520618793 0.02383989280438162 -0.04184857848463231
14.80890217 0.9852333854710601 0.1643015501496481 0.02383815356217369 -0.04185593394493144
14.848824318 0.985234081688756 0.16429614336030238 0.023839933394233216 -0.041859755512939884
14.889034013 0.985228771575083 0.16433001064316044 0.023833100648050273 -0.041855687500885835
14.928940408 0.9852308290094122 0.1643148842968125 0.023829071955377628 -0.0418689347571341
14.968874911 0.9852281633499901 0.16433245380415454 0.023822774691873848 -0.041866289239566146
15.015541911 0.9852229078415222 0.16436258421015465 0.023808307278471545 -0.04187991500217154
15.055478296 0.9852209558653862 0.16437146993760984 0.02381269838755528 -0.0418884636833078
15.088928326 0.985219337126239 0.16438194575023732 0.023815833569484444 -0.0418836452006152
15.128887925 0.9852162532348122 0.16439587485321136 0.02381852054815698 -0.04189998534728561
15.162348019 0.9852147198894571 0.1644011232382717 0.023831672285345214 -0.04190796806357169
15.202142877 0.9852161552906138 0.16439361759332288 0.02384731038469528 -0.041894768603937926
15.23562406 0.9852177731605598 0.16438907923611928 0.02384767437638227 -0.04187431794413907
15.275582607 0.9852149474051816 0.1644081413551528 0.023845976517462685 -0.041866930499834996
15.322322613 0.9852136504214962 0.1644106052114295 0.023858777555400786 -0.041880480545516324
15.355683015 0.9852108476507335 0.1644268608812297 0.023853423197202177 -0.04188564543901759
15.395404653 0.9852153187366086 0.16439654052744263 0.02386859441357764 -0.04189085091105249
15.428783934 0.9852126303008517 0.16441463386715344 0.023875687460879525 -0.04187902594709948
15.475526366 0.9852105282946235 0.16441989310568525 0.023878037887369676 -0.04190647915529822
15.515447493 0.9852112371586905 0.1644193444664985 0.023879768871374205 -0.041890977311337965
15.548995747 0.9852115241062078 0.16442390450368327 0.023865183147108636 -0.04187463945446774
15.595552752 0.9852138802510636 0.1644173515570319 0.02385397927065485 -0.04185131229208375
15.628960535 0.985210952271407 0.1644362275156418 0.02385382561199323 -0.04184616599599445
15.675447367 0.9852109561607771 0.16443079303424366 0.023836977894510628 -0.041877018133502614
15.715450246 0.9852112593470965 0.16443473574236497 0.023828419946796704 -0.04185927065640323
15.748827007 0.9852131225842922 0.1644237214780539 0.023818160773152172 -0.04186452102198488
15.795456788 0.985210159432763 0.16444432687415395 0.02379352870333118 -0.04186732737135196
15.83550097 0.9852102889124505 0.16444019949530672 0.023787256189439276 -0.041884052501730495
15.868841106 0.9852129855742345 0.16442268420635817 0.023789038478895 -0.04188837097010567
15.902223381 0.9852150703852788 0.16440518466556542 0.023788346648843835 -0.04190841090432772
15.935586784 0.9852200691675577 0.16437512082992 0.02378942402228058 -0.04190821239697805
15.982213837 0.9852176323144913 0.1643921656404441 0.02377517211188124 -0.0419067302914831
16.022169752 0.9852124664607587 0.16441926581379412 0.023789895723307912 -0.0419135040414855
16.062278322 0.9852129457868106 0.16441215677982868 0.023791568555247666 -0.04192917150100928
16.102058424 0.9852110919945323 0.1644185988756737 0.02380706960179924 -0.04193866940756061
16.13571901 0.9852117641213192 0.16441961825945361 0.023792663119171047 -0.041927057493600144
16.182246138 0.98521250077299 0.16441403575722865 0.023781430429604743 -0.041938010603432704
16.228953165 0.9852084041604555 0.16443602647982666 0.023787624662229608 -0.04194451668649092
16.268829162 0.9852079202329778 0.16444421677600388 0.023787515810964537 -0.041923830582146236
16.308821341 0.985208391488165 0.16444097788703066 0.023775956968622468 -0.04193201644431188
16.348846047 0.9852050712387181 0.16446331079657003 0.023769910559072814 -0.04192586742521596
16.382289245 0.9852056169196994 0.16446186077319375 0.02376301533907424 -0.04192264117261667
16.415696687 0.9852063888398396 0.16445159897582784 0.023779525879768816 -0.04193539236003028
16.455696907 0.9852014290993806 0.16448303721092725 0.023765201376582924 -0.04193673537529565
16.489070875 0.9852034073242649 0.16447600737789608 0.023753477241514248 -0.04192447390989786
16.528882407 0.985206912749454 0.16445672498592914 0.023728383215889264 -0.04193195091517022
16.5688016 0.9852111028837046 0.1644341014421685 0.023708363121940548 -0.04193354928525949
16.602192926 0.9852153289926149 0.16441237869444386 0.023701018643644732 -0.04192358483314846
16.635545602 0.9852168486440329 0.16440394681291343 0.023697488262679853 -0.04192293489604072
16.675708428 0.9852135449157117 0.1644242427497 0.023710853402297456 -0.04191341959014521
16.722236076 0.9852151321129816 0.16441258912974926 0.02368823058662592 -0.04193461246902518
16.762080621 0.9852146881155319 0.16441502604358452 0.023689853655287134 -0.041934572446773316
16.795472492 0.9852171686182792 0.16440530991353425 0.0236603790386302 -0.04193102903297627
16.835429941 0.9852190247149474 0.16440223376074178 0.02366112214764713 -0.04189904739872166
16.86905877 0.9852187823664222 0.16440582707944487 0.02365315323727871 -0.04189514574126748
16.908856496 0.9852167662402296 0.164416955587617 0.02366408654178106 -0.041892711091398985
16.955541729 0.9852144922906727 0.16442532756006994 0.023669876096101276 -0.04191005610579643
16.989131349 0.9852157758937798 0.164415735894871 0.02367184287902113 -0.04191639983200367
17.02895423 0.9852206051550243 0.16438063998796698 0.02369476082664596 -0.0419275885841566
17.068751801 0.9852216329159141 0.16437382223799674 0.02368262857832949 -0.04193702064992218
17.102134205 0.9852193570332295 0.16438798469812602 0.023685438099726612 -0.041933388080890754
17.142062122 0.985221454338376 0.1643748824993446 0.023678483582918856 -0.041939400686173606
17.175399413 0.9852244501587326 0.16435381622499481 0.02368468383361896 -0.04194808283348671
17.208828274 0.9852244747448053 0.16434381266967218 0.023686137093790048 -0.041985860841389756
17.242390428 0.9852263882911347 0.1643272280440815 0.023683219595257356 -0.04200751180155078
17.282286061 0.9852263941399078 0.16432720118491595 0.023691733544843746 -0.04200267851515523
17.322142938 0.9852289515571268 0.1643090224010956 0.02372274493590316 -0.041996303931979916
17.355699828 0.9852243179250959 0.16434070305730214 0.02371556932597672 -0.041985098061171434
17.402236146 0.9852267249820403 0.1643282605514468 0.023692447945213368 -0.04199036884408594
17.442191953 0.9852266154433884 0.16433234688983975 0.02367970339010886 -0.04198413551568714
17.475689302 0.9852305029513048 0.1643091933929393 0.02368344910840035 -0.04198141564086029
17.515462093 0.9852304375855332 0.16430648407140655 0.023687388657695173 -0.041991329648998627
17.562074941 0.98523131806514 0.16430020403432283 0.023705352688968187 -0.041985105832884555
17.595538914 0.9852288781472307 0.16431394295316534 0.02372387569000378 -0.04197813166612531
17.635521253 0.9852297183055078 0.164307031965415 0.02372716117609412 -0.0419836067637091
17.668862873 0.9852289014461348 0.16431229165930486 0.023718869944303493 -0.041986876205251336
17.708851488 0.9852278438013418 0.16432179040100492 0.023713341085609477 -0.041977642293544164
17.742381584 0.9852228285178632 0.16435622589100896 0.02371156633116489 -0.0419615395361952
17.782353208 0.9852255168925409 0.1643362400785315 0.023702496190045688 -0.041981814337136075
17.829003946 0.9852271425397172 0.16432604960804342 0.02368193497102552 -0.04199515423553879
17.862411943 0.985217807502335 0.16438938491914504 0.023668057643478544 -0.04197409860356775
17.902113613 0.9852173657321747 0.16438425998625636 0.023674303946681494 -0.042001007858928234
17.949061117 0.985217839841595 0.16438375260263072 0.02369165989604666 -0.041982081767207545
17.988845992 0.9852181800997517 0.16438321106986173 0.023689175658023927 -0.041977618750206926
18.028783427 0.985215727309802 0.1643953390850845 0.023681876429650736 -0.04199180726390026
18.062266483 0.9852137987897773 0.1644029215010902 0.023669044777923108 -0.042014597408797205
18.095784714 0.9852097982899886 0.1644259611273892 0.023666649293337838 -0.04201959509515352
18.142126451 0.9852135258327916 0.16438996499981137 0.023688669625287855 -0.04206060930210128
18.175486818 0.9852168352907001 0.16437194412789807 0.023690752189114945 -0.042052344811041246
18.215614174 0.9852162982702556 0.1643677460367039 0.02369709736047461 -0.04207775257967798
18.248988708 0.9852187853589168 0.16435315433333048 0.02371858475332788 -0.04206440744720308
18.295587438 0.9852227623944068 0.1643314618509663 0.023712639187647263 -0.04205936101054211
18.335462459 0.9852199806829595 0.16434930507025525 0.02371067357279755 -0.04205590974782915
18.382267621 0.985222409532336 0.1643346804773736 0.023719171845584967 -0.04205136662056798
18.428948231 0.9852212443534605 0.16433950359221136 0.02373397510513143 -0.04205146441437804
18.475517357 0.9852174266552036 0.164355522989852 0.02372812761862355 -0.04208159024259017
18.522425245 0.9852149482292647 0.16436856993341858 0.023748139607887214 -0.04207736765548267
18.562140955 0.9852118160691562 0.16438759325025998 0.02374141084707681 -0.042080186241185466
18.608816381 0.9852148681112074 0.16436514488404527 0.023743990234404495 -0.04209496083394612
18.655707613 0.9852163006837473 0.16435469885779028 0.023751197493151077 -0.042098152548995155
18.689103883 0.9852156706655404 0.1643551723649101 0.023759827261648443 -0.042106177699319076
18.735538985 0.9852182274556892 0.16432865449672776 0.023784188956458497 -0.04213608852335971
18.768980715 0.9852218145393602 0.1643085038363901 0.023794223456126546 -0.04212513089519821
18.808841956 0.9852216733241375 0.16430698606856173 0.023777975493184708 -0.04214352409205593
18.842198436 0.9852263798420973 0.16427352873563716 0.023790891289862146 -0.04215663306777766
18.882224595 0.9852250939205272 0.16427984952832336 0.023798312075280895 -0.04215786629571614
18.915785624 0.9852272666326427 0.16426744354459355 0.023786598203614576 -0.04216204241726414
18.955687083 0.9852347869970053 0.16422133869215913 0.023788375021690795 -0.042164909853435344
18.99584407 0.9852344833386946 0.16422055026882793 0.023796288305232484 -0.04217061029477
19.035605546 0.9852354488480284 0.16421132150157292 0.023787456025479735 -0.0421889696457152
19.082238969 0.9852325402795191 0.16422575595678757 0.023802756216252486 -0.04219207806327057
19.115619456 0.9852287441831106 0.16424454296568186 0.02379512269843069 -0.04221189260305507
19.149025707 0.9852299259215578 0.1642355518645782 0.023815341611450984 -0.0422078911611244
19.189065478 0.9852320287375411 0.16422955799856193 0.02380556139537409 -0.04218764127036703
19.222400633 0.9852289440232456 0.16424917767678832 0.023807870356400692 -0.042181996164621885
19.262243603 0.9852292763041013 0.1642433009545531 0.02378847432944316 -0.04220805247729971
19.295593574 0.985235183460252 0.16420487726814395 0.023795414164023303 -0.042215753199016215
19.329139316 0.9852335776655193 0.16421985554192017 0.023780605476961432 -0.04220330898568344
19.375760307 0.9852285658604856 0.16425257389968728 0.023757507276887448 -0.04220599279494908
19.415598108 0.9852276577462816 0.16425980204617413 0.023768631300747196 -0.042192795707522546
19.449127379 0.9852218613698378 0.16429735469190423 0.023748097831828373 -0.04219349439860063
19.48910112 0.9852154707847485 0.164331677741973 0.023749245549969447 -0.04220840144689144
19.528932276 0.9852137773744041 0.1643409942339977 0.023750336283536583 -0.0422110413548191
19.562267656 0.9852145416737292 0.16433354120602775 0.02376519747123874 -0.042213854342662754
19.5957029 0.9852176977105693 0.16431364524005213 0.023762368291135188 -0.04221923683592591
19.635510762 0.985212053146193 0.16435640104434734 0.02374595491059369 -0.04219376016186476
19.668894248 0.9852148620775031 0.16433746700426477 0.023753427368096297 -0.04219771520470658
19.708715571 0.9852125881349094 0.16434477281806026 0.023769536889789483 -0.042213279236973475
19.748979943 0.9852070461636179 0.16437396769805146 0.02376757416059055 -0.042230052702782385
19.788882685 0.9852064797933453 0.1643757792275622 0.023767301462004436 -0.04223636771493046
19.835491904 0.9852079381546138 0.16436506878193513 0.023793649429179446 -0.04222919615959527
19.875546228 0.9852008007315312 0.16440868649622153 0.023798934234426767 -0.042222941297859355
19.915434656 0.9852001898880497 0.1644128379200186 0.02378840266669967 -0.04222696378149129
19.962274808 0.9852057285919031 0.16437558245756173 0.023784872079418755 -0.042244764191557316
20.002077204 0.9852074650012047 0.16437174245508224 0.02378673708915355 -0.04221815162737069
20.035462017 0.9852038995363935 0.1643907382784755 0.023782496354478207 -0.04222978064933267
20.068972902 0.9852087318546141 0.16436464597403622 0.02379984981321416 -0.042208825855752426
20.108823444 0.9852062167430847 0.16438517431240615 0.023790687786079585 -0.04219274975304621
20.148784955 0.9852070810064296 0.16438071224112397 0.023774559650440865 -0.04219904372517187
20.182240389 0.9852036864127911 0.1644057638630178 0.02375950002986959 -0.042189183988258966
20.215608243 0.9852028119860057 0.16441223472634572 0.023761409452848332 -0.04218331124947698
20.255664571 0.985204446812859 0.16440737500647287 0.023740227549496305 -0.042175995774227745
20.302140478 0.9852000151400547 0.1644360938043794 0.0237580013806062 -0.042157544909452616
20.335499823 0.9852026892368985 0.1644191947191832 0.02377555344943727 -0.0421510686276378
20.368842049 0.9852033324358205 0.16441872763931648 0.023761674897449424 -0.04214568263642833
20.408976663 0.9852051037311442 0.16441524596106 0.023749028868392395 -0.04212498196412652
20.442353773 0.9852043452462889 0.16442417757043032 0.023759980832173785 -0.0421016775078337
20.482101209 0.9852070657319134 0.16440930064819498 0.023777776147703926 -0.042086064840450604
20.51562384 0.9852085927497345 0.1644028247947643 0.02375525545851826 -0.0420883334154543
20.562268426 0.9852111508497776 0.16439105025702327 0.023762406339417737 -0.042070403867921234
20.608931357 0.9852115997278102 0.1643926607366182 0.023720569281470552 -0.04207720820904272
20.648957811 0.985217558063253 0.1643629789289006 0.02371838310931295 -0.042054877769153606
20.688986381 0.9852165097964939 0.16436589853814776 0.023731087681365365 -0.04206085709566301
20.735540525 0.9852174028538991 0.164354296095989 0.023749904840038943 -0.042074653756137385
20.775515978 0.9852179473185013 0.16435483704732232 0.02373025217712715 -0.04207088009867433
20.822235447 0.9852143085332926 0.16437919497210096 0.023718056050112988 -0.04206780644143438
20.862329726 0.9852116231715738 0.16438826297631823 0.023725468717271665 -0.04209107622058949
20.902273734 0.9852112977360353 0.16439489341430918 0.02372266000503309 -0.04207437741500854
20.948832663 0.9852079540196375 0.1644226027560345 0.02373175383592594 -0.04203925426601258
20.982247051 0.9852134048733996 0.16438687136207075 0.023734690117386405 -0.04204958818567318
21.02228308 0.9852165343476332 0.1643670778580238 0.023734585639700635 -0.0420536991115525
21.055721294 0.9852190810856788 0.16435441761726885 0.023730146690471528 -0.04204602017346868
21.095492451 0.9852197068669872 0.16435438446254064 0.023749163021319 -0.04202074207643049
21.135492319 0.9852196980710504 0.16435529201476484 0.02374226486793123 -0.042021296725241915
21.169013512 0.9852236374286262 0.16433010437877518 0.02373618363359775 -0.042030877141454585
21.208797704 0.985226589386665 0.16431200443511587 0.02375431630656399 -0.04202219914333451
21.242226631 0.9852209384752475 0.16434811928067547 0.023748975701880264 -0.04201647572047235
21.282079622 0.9852236443895258 0.16433280968622568 0.023751093899814446 -0.04201170949883311
21.315446881 0.9852304440271173 0.16429547705845654 0.0237441985293522 -0.04200215966426195
21.348872349 0.9852290951593934 0.16430848604107795 0.02373378458417224 -0.041988795357855824
21.388824739 0.9852303778671121 0.1643027703764458 0.023728512950118654 -0.041984042773758334
21.422196539 0.9852273354805395 0.16431719302344008 0.023738686346440885 -0.04199324075799839
21.4620763 0.9852258725658285 0.16432591333853286 0.023748283757340408 -0.041988013181617864
21.502427214 0.9852261641772857 0.16432617477741088 0.023764711942437563 -0.04197084904822488
21.535809522 0.9852250297921279 0.16433382965804813 0.023772964379522612 -0.041962831954366314
21.575731419 0.9852232066955207 0.1643478282440161 0.023762185485260594 -0.041956916962939246
21.615839387 0.9852274522857999 0.16432921973789918 0.023771206285741357 -0.0419249872329849
21.655669042 0.9852282807680612 0.1643283823590963 0.023780823698547025 -0.041903340562200034
21.689089706 0.9852291411381301 0.1643241730711732 0.023772526339736748 -0.04190432660387587
21.729068498 0.9852296736713163 0.16432338207957647 0.023788983611883058 -0.04188556407826939
21.775557376 0.9852364361202555 0.16427565207156397 0.023795588251545784 -0.04190996369937747
21.808934487 0.9852410805595974 0.16424662548266344 0.023800810999232987 -0.04191158063225099
21.84248835 0.98523983771663 0.1642541277261649 0.023784751769997503 -0.04192051149813131
21.882093748 0.9852361026361152 0.16427816763982755 0.023792829100229774 -0.04190950945437343
21.915468429 0.9852304771093999 0.1643075282910331 0.02379648600620228 -0.04192457960948957
21.949004812 0.9852309360177669 0.16429762449480326 0.02379780042605041 -0.041951853282085116
21.99548803 0.9852310732738482 0.16430330295882511 0.023778822691758652 -0.04193714921016592
22.028939596 0.9852279596132809 0.16431373778432656 0.023790448114048297 -0.041962813896684464
22.068787078 0.9852309100394838 0.1642865918609635 0.023812085899329642 -0.041987548185179996
22.115511538 0.9852311217136653 0.16428561464712219 0.023812084578734575 -0.04198640559592268
22.162117714 0.9852346959448974 0.16425684573243676 0.02382281120967001 -0.04200900144569707
22.195592887 0.9852366405848223 0.16424927720138766 0.023816372017835572 -0.04199663572077468
22.242167562 0.9852397775469199 0.16424139118445655 0.0237706528698805 -0.041979783506228406
22.275583398 0.9852380141422239 0.16426027066333512 0.02374347556684682 -0.04196267792576584
22.308986993 0.9852410133652847 0.16426099620726542 0.023687460932065696 -0.04192105559901537
22.355598015 0.9852545013290672 0.16419129209416428 0.023587303068751536 -0.04193359447034192
22.389014055 0.9852531073389997 0.16420103828202953 0.023561422945077376 -0.04194273303866115
22.428970169 0.9852548364500868 0.1641845663645605 0.023600957220254765 -0.041944370750811706
22.475504677 0.9852599648693838 0.16415189731341245 0.023620516135239862 -0.04194076121737081
22.515482234 0.9852623792108576 0.1641306746985875 0.023627597605375462 -0.04196310720317594
22.548841083 0.9852633697411854 0.16413407744290232 0.023614183718148565 -0.04193408155113203
22.588793429 0.9852606056783128 0.164151661417091 0.023583693531900214 -0.04194735214297092
22.622242314 0.9852606089312088 0.16414713963126668 0.023568012206292593 -0.04197377562265732
22.662069421 0.9852601960272411 0.16414673265821553 0.023577382438282595 -0.04197979656160493
22.695427366 0.9852617282848686 0.16412790007901865 0.023617068749010317 -0.0419951575359625
22.72895851 0.9852651265113688 0.1641041656440834 0.023643362046267054 -0.0419933891219183
22.768754465 0.9852705493222675 0.1640630048585386 0.02369104107184205 -0.042000114855992726
22.802091159 0.9852702684610288 0.16405980884295132 0.023687197373693857 -0.04202135040341259
22.835449504 0.9852722072691339 0.1640522617065349 0.02368711123842654 -0.042005401714042954
22.868882682 0.985272366945423 0.16404622096468685 0.023698639234600805 -0.04201874366752424
22.902307964 0.985274259439916 0.16402743972563033 0.02371168090743587 -0.042040324579191615
22.948953513 0.9852661324170847 0.164062985899164 0.023734094069204074 -0.04207942191196044
22.988841498 0.9852736010697266 0.16398563817877337 0.02388797455648764 -0.04211895271468939
23.022191754 0.9852852751891594 0.16391786323528654 0.02392348894002286 -0.042089515140197854
23.062076479 0.9852771109041482 0.16394805608924254 0.02391241214285304 -0.042169256318363116
23.09545697 0.9852724395826574 0.16397301234247122 0.023903517050827078 -0.042186406516500664
23.1288777 0.9852778789211089 0.16394036926997588 0.023918530063817764 -0.04217772577950576
23.162280737 0.9852800829299537 0.16392577640929432 0.02391240908449633 -0.042186427935170995
23.195675937 0.9852821457406029 0.16391519493130824 0.023901177804955702 -0.04218573046612536
23.235465618 0.9852794165108179 0.16392894050168283 0.023924927279513286 -0.0421825997393243
23.268807843 0.9852770490702829 0.1639425673367472 0.02391220613045855 -0.042192150790946854
23.308957406 0.9852739664016422 0.1639498968839363 0.02391602752445199 -0.042233470972345165
23.355607896 0.9852769406437141 0.16393265612112826 0.023904509683649357 -0.04223752963443352
23.39560285 0.9852779801490982 0.16392693586381482 0.023896264734390736 -0.04224014753002189
23.42905415 0.985279152389702 0.16391744121289098 0.023887783965091093 -0.04225444485123536
23.46898561 0.9852826740340384 0.16389349952827328 0.023895260463216033 -0.04226097003271319
23.509098749 0.9852833727407755 0.16389109290239498 0.023895461311566037 -0.04225389918726992
23.555897179 0.9852845211314977 0.16387616743765532 0.02389948522575755 -0.04228272425666185
23.602222654 0.9852849784158686 0.16387514380116058 0.023896059931740064 -0.04227797147367627
23.642348279 0.9852778371686072 0.16391739197119617 0.023904148542711223 -0.04227604376193542
23.675708666 0.9852779581710625 0.16391423478056857 0.02389083613363104 -0.042292986740106044
23.722355968 0.9852760786492774 0.16392632655030318 0.023894862785956008 -0.04228763220690926
23.769055313 0.9852766949315176 0.1639266610947802 0.023881410217861776 -0.04227957489318837
23.8090092 0.9852796902544668 0.16390628725832784 0.023876361687324165 -0.042291610537181244
23.848926243 0.9852818653978737 0.16389425250971712 0.023877680744249608 -0.04228683098369282
23.895506589 0.9852770567737522 0.16392216452728658 0.023888913775232504 -0.042284337177979366
23.935525254 0.9852733250486305 0.16394169286094706 0.02389789573624242 -0.04229050565886146
23.968901862 0.9852688107933242 0.16397523297587777 0.023892541108682833 -0.04226866366216523
24.008802311 0.9852679761264768 0.16398384181483344 0.023882093202888997 -0.042260625498599325
24.042198232 0.9852648434983317 0.16399736660810474 0.02389738442284031 -0.042272531619976
24.075740366 0.9852665645407206 0.16398280715689242 0.0238973738946313 -0.04228890251604607
24.115471756 0.9852675074143848 0.16397220089643777 0.023890705828622173 -0.04231182271698648
24.148818 0.9852666618464447 0.16397655639023387 0.02389495453345718 -0.04231223411979076
24.189062409 0.9852674228402046 0.16397002797132743 0.02388457037700094 -0.04232567441647744
24.228988402 0.9852646001818537 0.16398317542773186 0.023878253504269684 -0.04234400565269787
24.275460077 0.9852669618900941 0.1639668780342306 0.023901975172020723 -0.04233878007746113
24.308834347 0.985265752050407 0.1639803613030999 0.02389309698338048 -0.04231972187991833
24.348799943 0.9852694999499868 0.16396079374018194 0.023885889983547258 -0.04231234860045403
24.395528984 0.9852660363990476 0.16397833585972915 0.02389858249303757 -0.04231785252122352
24.435641752 0.9852661227140457 0.16398042658912743 0.02389510941462992 -0.04230970188670461
24.475483724 0.9852656128811801 0.16398337858557482 0.023867947704165157 -0.0423254615323206
24.50887554 0.9852690677488132 0.163965031093581 0.023874621685061565 -0.04231235227756385
24.548804354 0.9852661409867174 0.1639949275884429 0.023848311848041183 -0.042279465138551665
24.588836198 0.9852647533344975 0.16400698579189077 0.02384164021788306 -0.04226879037648856
24.622469964 0.9852593833368659 0.16403892715744192 0.023851829623693352 -0.0422642656069718
24.662136388 0.9852597689396513 0.16403671285365648 0.02383801974207383 -0.04227166142853312
24.695532531 0.9852601020809099 0.16403659967385734 0.023831151161714775 -0.042268208493634524
24.742185277 0.9852573397087996 0.16404672908484652 0.023839951404112426 -0.04228831923299635
24.782302648 0.985252528066642 0.16407421752273296 0.023836217236823488 -0.04229588432025906
24.822164903 0.9852565862462248 0.16405163461391728 0.02382409893366391 -0.042295776963381757
24.855704922 0.9852506046793342 0.16409278083778672 0.02379552389120831 -0.04229158661804485
24.902245248 0.9852544173184036 0.1640726938724151 0.023801031357868273 -0.042277596742526284
24.942163292 0.9852513104547047 0.16409557539022343 0.023777396456811116 -0.042274493520018656
24.975670809 0.9852502624657319 0.1640988663652487 0.023781446577709142 -0.04228386415073986
25.022221551 0.9852436740110432 0.16413592415241451 0.023811586742370876 -0.04227658407043788
25.062251663 0.9852428209932153 0.164138777302893 0.02382408483872611 -0.04227834491130934
25.108910293 0.985237807160121 0.16416453091294927 0.023841988541511223 -0.042285100388127744
25.142286885 0.9852347596660919 0.16418241309283824 0.023829336881994245 -0.04229380900883029
25.182075294 0.9852393961952082 0.16415275051312533 0.02384255207582136 -0.04229349115867731
25.215596622 0.9852377909251104 0.16416912886049415 0.023851039096317393 -0.04226251762757317
25.25568346 0.9852331494180475 0.1641941808282356 0.023862214153420054 -0.042267091284312656
25.302148612 0.9852262396589903 0.16423596133707102 0.023853704318283896 -0.04227063379451545
25.335530032 0.9852286638983015 0.16421803079376218 0.023852253464112412 -0.042284609494124416
25.375789889 0.9852385472916041 0.16415652739664838 0.023835916795910846 -0.04230234643966744
25.422263251 0.9852512441842861 0.1640789537521613 0.02382503344291259 -0.042313715865623616
25.46231677 0.985259796776221 0.16402385960046126 0.023833397301630886 -0.04232346289365471
25.502112766 0.9852640931827908 0.16400465178839044 0.023842014060671952 -0.042293016468353616
25.542218106 0.9852634619371745 0.16400587424220936 0.023834962290885362 -0.04230695401721411
25.575579342 0.9852611646230183 0.16401564010951897 0.023864361193283643 -0.04230602262084084
25.615687962 0.9852626796739073 0.1640082892273934 0.023882514502751338 -0.04228898919956679
25.662254383 0.9852614829990237 0.16400509408073832 0.023927198057540965 -0.04230400013294063
25.69565433 0.9852643895579601 0.16398741585220478 0.023947855500257523 -0.04229314753048455
25.735476324 0.9852634890222689 0.16399128614544273 0.023946895351331942 -0.042299662777159554
25.768926268 0.9852662446235183 0.16397371610545353 0.0239478861108414 -0.042303030421703594
25.802291259 0.985269069585434 0.16396396314565911 0.02397033938081689 -0.04226230161492234
25.842356909 0.9852723926936846 0.16393946937956072 0.023961757610252092 -0.04228471056348363
25.882517528 0.9852723150207615 0.16393858150508067 0.024000595134526983 -0.042267933246371986
25.928914589 0.985274219375982 0.16392112985185364 0.024023099171057077 -0.04227844045561125
25.975744167 0.9852740831402974 0.1639314821423118 0.02401297583898869 -0.0422472158375867
26.022168673 0.9852653027202746 0.1639783637766313 0.024037636967856827 -0.04225602297502775
26.05556639 0.9852630480216115 0.16398744676287047 0.0240343862497835 -0.04227519112854367
26.095524607 0.9852596587650333 0.1640082550312104 0.02402871473677541 -0.04227668340736111
26.128905004 0.9852540979006542 0.16404685450410142 0.02401186100439341 -0.04226609312893759
26.175603139 0.9852502541105072 0.16407147281978324 0.023989766906399 -0.0422726822629574
26.215747321 0.9852533441306797 0.1640517499078475 0.02399754373324734 -0.04227279416192734
26.255616609 0.9852559033190268 0.16404217204307883 0.023998383536552648 -0.04224983259173809
26.288979457 0.9852580573862751 0.1640345677454185 0.023957414433890222 -0.042252375479255505
26.328754849 0.98525983099543 0.16402320389765832 0.023966090861546878 -0.042250213003250485
26.362123534 0.9852668311706618 0.16398137781428676 0.02395793637994347 -0.04225395140653232
26.402116683 0.9852689215894996 0.16396991501895966 0.023939285940251673 -0.04226026156107574
26.435584704 0.9852649203163433 0.16400210241536672 0.023939637010843274 -0.042228438014667316
26.475595511 0.9852630306838884 0.16401080667371923 0.02392744984491411 -0.04224562469362179
26.522206322 0.985263004309985 0.16401442488119233 0.023910069485424935 -0.04224203293115254
26.555689687 0.9852618030372209 0.1640187787616164 0.02393413620230086 -0.042239517204178956
26.595646631 0.9852610405461438 0.164022630711097 0.023940960874713178 -0.04223847758781709
26.635652722 0.9852609301101245 0.16402559084424462 0.023954281037811647 -0.042222003347668485
26.669003819 0.9852580636122051 0.16404736672223993 0.023944708475476258 -0.04220972038110724
26.708844561 0.9852615253733099 0.1640294143318792 0.023952823747463315 -0.04219407645063719
26.748807943 0.9852544816044114 0.16407374688443485 0.02395642297634875 -0.042184142280045606
26.782288577 0.9852532377256813 0.16408489585876437 0.0239379604760711 -0.04218030998376636
26.822110459 0.9852557256048553 0.1640704702037851 0.023927953154560744 -0.04218399018338737
26.855719176 0.9852600945855692 0.16404568704729047 0.02394231270535522 -0.042170181891200344
26.895610948 0.9852617583583038 0.16403899097354183 0.023942530830541535 -0.04215723158029068
26.929021059 0.9852641068589947 0.16402458549161983 0.023938173780364037 -0.04216086960335143
26.968808481 0.9852717429477413 0.1639779781272831 0.023950001440350033 -0.04215700023739259
27.008796081 0.9852718971842651 0.16397115571772589 0.023939484591783567 -0.04218589561680476
27.042159753 0.9852705069307052 0.16398280119722386 0.023928093054842635 -0.04217956195578505
27.082220967 0.9852677847558883 0.1639981169833735 0.023931473710262354 -0.04218168458214393
27.115730358 0.9852674161620026 0.16400092962521443 0.02391683599300981 -0.042187660371252426
27.155586872 0.9852767148259082 0.1639614968518268 0.0238494523006945 -0.04216190694135321
27.195592364 0.9852648297365205 0.16404185801241866 0.023694330236449936 -0.04221448588748712
27.235606638 0.9852550217115797 0.16410316644028522 0.023709258323144335 -0.04219673004100023
27.275599683 0.9852603160105995 0.16408059173504896 0.023705956916871582 -0.042162740864719175
27.30897181 0.9852673361293681 0.16405051552726163 0.023662463573522526 -0.042140153409902084
27.349021187 0.9852594707402216 0.16409781107695623 0.0236633496195142 -0.04213940674991529
27.388864118 0.9852541792251284 0.16414278726042195 0.0236449486736389 -0.04209826732799725
27.422225193 0.9852588764967611 0.16410168826027316 0.02364788720331489 -0.04214688156065014
27.462109758 0.9852630623485426 0.1640831842349437 0.02365172611521056 -0.042118908754437
27.4956103 0.985258320563444 0.1641134729579034 0.023631467710113985 -0.04212319418163305
27.529023098 0.9852524570816793 0.16414435988604584 0.023627176322553387 -0.04214239517560836
27.56890733 0.9852566973358861 0.1641146289638502 0.023635000316418776 -0.04215466373822504
27.602277158 0.9852565153586468 0.16411335021487927 0.023637379781478368 -0.04216256042570434
27.642124509 0.9852553505122821 0.16412193952437068 0.023625328716946857 -0.04216310112758779
27.675483827 0.9852574333294777 0.16410606484318388 0.02361347887142048 -0.04218285393715695
27.715480088 0.9852559039963824 0.16411895782992683 0.02361362639813322 -0.04216832898538418
27.755575337 0.9852591130467745 0.16410177874894608 0.023631666171502995 -0.04215009755236293
27.795663589 0.9852548418992014 0.16412615925103569 0.023623265962170473 -0.0421597161869474
27.83551182 0.9852622952302605 0.16407245621649705 0.02363812807592796 -0.042186225355565904
27.882163409 0.9852575874563827 0.16409576460740333 0.023624770869486257 -0.04221299087845317
27.922173311 0.9852602136861314 0.16407668263829484 0.023640803732070805 -0.042216891648635506
27.962198685 0.985257604834304 0.16409479809676247 0.023634495642179225 -0.0422108987051084
28.002140896 0.9852592030398037 0.16408765232121686 0.02361971034670931 -0.04220964894689146
28.042161442 0.9852577934655798 0.16409380804451462 0.023622364451019152 -0.04221713484510849
28.082286615 0.985256421678573 0.16410052786528548 0.023611536572777272 -0.04222908519185511
28.115637214 0.9852507925441208 0.16413861037779928 0.02355512770973151 -0.04224391474526199
28.149006225 0.9852500779554442 0.16412629777255677 0.023615271655785898 -0.04227482954298911
28.189085476 0.9852565805855957 0.16409263775684518 0.023655866672291092 -0.042231228004441894
28.229113858 0.9852543158957483 0.16409949653524353 0.023626905774623536 -0.04227360369306054
28.268952898 0.9852479039006853 0.16412803029583004 0.02362702151218342 -0.04231218955549284
28.308820315 0.985250475295622 0.16410821168084475 0.023647366362105928 -0.04231781956578603
28.342181189 0.9852529257415192 0.16409071449736146 0.023659260004695024 -0.042321970057552054
28.382323275 0.9852550083220134 0.16407148567251897 0.023670008657291863 -0.042342022339105376
28.422126188 0.9852603624091253 0.1640362121388637 0.023688590060229248 -0.04234371350662563
28.462323833 0.9852579136506817 0.16405461595063273 0.02366327973921207 -0.042343544560889776
28.502076402 0.985255896756197 0.1640658550803918 0.023634702830179034 -0.04236288382548181
28.54244024 0.9852492614777599 0.16410932503354858 0.023626062250815517 -0.04235364656180706
28.582231317 0.9852538843395691 0.1640758393066958 0.023617978318657768 -0.04238034272789594
28.622199783 0.9852616945745095 0.1640298479941906 0.023625086160847443 -0.04237283888366948
28.655636077 0.9852651036142486 0.1640063101401454 0.02363271744522901 -0.04238042591070213
28.68900869 0.9852720530899844 0.1639644585741389 0.02364275875467628 -0.042375201271553725
28.728969004 0.9852710372464959 0.16396509115159455 0.02365866031688521 -0.04238749625625032
28.768836668 0.9852744449768458 0.1639399503964335 0.023654439251209934 -0.04240787949537595
28.815511692 0.9852665414761296 0.1639909040168125 0.02363389393618199 -0.04240595129021814
28.848861793 0.9852642050922044 0.16399666573577162 0.02364204139773208 -0.04243340276391006
28.888834621 0.9852721495090253 0.16395591530376152 0.023634405432750364 -0.04241066043592359
28.928840937 0.9852657699320236 0.16399885423153407 0.023600479134829388 -0.04241174124705498
28.968793969 0.9852518559281926 0.16408131676005905 0.023592903368754324 -0.04242024034549897
29.00232497 0.9852551356432011 0.16406039930805588 0.023608352652597607 -0.04241637363812845
29.042290648 0.9852619197040301 0.16400918282967816 0.02362606741438896 -0.04244698419442115
29.075711202 0.9852639772400669 0.16399625209106033 0.023625193457402636 -0.042449672404751976
29.115713945 0.9852550926191648 0.16405167004151333 0.023606852818946276 -0.04245195548589023
29.149124014 0.9852559103434583 0.16404220927179167 0.023588738090197067 -0.04247959681806208
29.188848223 0.9852587337287411 0.16402809167931856 0.02358503022503277 -0.042470685190650434
29.222305968 0.9852610004342366 0.16401431806447697 0.02359675791961642 -0.042464779628002755
29.262209506 0.9852604812534806 0.16401446066215183 0.023583892371064497 -0.04248341787678168
29.295714617 0.9852596604484857 0.16402163101920436 0.023564949421483836 -0.0424852822692495
29.335590828 0.9852596916290912 0.1640287758771937 0.023541565020720648 -0.04246993585529265
29.382233302 0.9852668905568011 0.16398116679770589 0.023546361457238936 -0.04248411668283526
29.422311423 0.9852638901451445 0.16398858599544072 0.023538833216944294 -0.042529210785737404
29.462107097 0.9852607264113951 0.16400712171501095 0.023544033093433184 -0.04252814978038972
29.495569867 0.985263249612301 0.16398945280928517 0.023557091367848747 -0.04253059812660574
29.535537407 0.9852580958738997 0.16401264532051352 0.023563511331579474 -0.04255699265257575
29.575554717 0.9852546595541014 0.1640307089538859 0.02355499985387092 -0.04257163761122436
29.615528915 0.9852471515836911 0.1640735850569064 0.023555658094405706 -0.04257980688703089
29.655600899 0.9852472506325527 0.16407778211194554 0.02355531849864247 -0.04256152615506714
29.695468078 0.9852495889892741 0.16406460009962542 0.0235517783221458 -0.04256017068199952
29.735618236 0.9852495125205327 0.16405885945646242 0.023551764662916988 -0.04258407088524847
29.775684375 0.985242831682277 0.16410137139514291 0.023544769213911253 -0.04257870791352732
29.815643017 0.9852403915920643 0.16411889540003516 0.023545234280727575 -0.042567368850492976
29.855623121 0.9852360036803945 0.16414564913668278 0.023531621716413327 -0.042573297978642566
29.895504741 0.985234778237871 0.16414741434330493 0.02354746794369125 -0.04258608773322061
29.935486764 0.9852367961530059 0.16413806695838934 0.02351932582203766 -0.042590982545611375
29.975584066 0.9852396301067222 0.16412328707025858 0.02349923048371882 -0.04259347456002946
30.015522445 0.9852409697561552 0.16411725662907078 0.023487843072242373 -0.0425920041593769
30.055596062 0.9852407387815061 0.16411636120768597 0.023486124755526125 -0.042601743781077214
30.095544981 0.9852330833091135 0.16416168256399102 0.023481618163994127 -0.04260665604547447
30.13560427 0.9852334768015197 0.16416215459840336 0.023480137025669114 -0.04259655329313612
30.175455393 0.9852357069148359 0.1641550434039224 0.02349099878783051 -0.04256637782370266
30.208867507 0.9852342316951529 0.16416003963571416 0.023487322726106315 -0.04258328021679862
30.242300183 0.9852321727584825 0.164177442981724 0.02350534617301436 -0.042553867966016894
30.28229183 0.9852319823000754 0.1641776599132216 0.0235165615145106 -0.04255124408306639
30.315633204 0.9852367902800848 0.16414820757411014 0.02353644863452201 -0.04254255063436449
30.355750362 0.9852393339407491 0.16413297353593853 0.023516701018976738 -0.04255333861665946
30.395510812 0.9852433121906055 0.16411147728041794 0.02350477302129692 -0.042550728004832776
30.442164065 0.9852383689453607 0.1641462461132863 0.023506273818362833 -0.04253024025300258
30.475702804 0.9852382295687584 0.16415292106057994 0.02349831597621908 -0.04251210003962866
30.522155599 0.9852323504317699 0.16418208871574316 0.023490313363495663 -0.04254012912193168
30.562134969 0.9852313140215603 0.16418547445036702 0.023492611138190587 -0.04254979521416715
30.602200927 0.9852263650027928 0.16421729730247064 0.023497810975997593 -0.04253871001090697
30.642259802 0.9852232915051213 0.16423560121934333 0.023483128147327188 -0.04254733670104205
30.682226468 0.9852200026375695 0.16425457041101946 0.023487212061162263 -0.042548012544809034
30.722195648 0.985211853276441 0.16429917163679786 0.023514090012548217 -0.042549664322346456
30.762167145 0.9852087591304861 0.1643130578181466 0.0235340291810229 -0.042556661447122696
30.802195299 0.9852061753168943 0.16432172178547605 0.02352950096767062 -0.042585519265660746
30.835800169 0.985203512623896 0.16433801292696523 0.023525538107672838 -0.042586444762363285
30.869365562 0.9851996380925816 0.16435884074428636 0.023533744599217546 -0.04259116618008113
30.908838447 0.9852011063077444 0.16434992715573257 0.023548276919211193 -0.04258356758232243
30.948812658 0.9852065818638713 0.164323171873506 0.02352879068120843 -0.042570908454214004
30.982149884 0.9852003504021253 0.16436262933290402 0.0235141532261791 -0.04257088493747499
31.022175032 0.9851946030019689 0.1643968530684856 0.023505831933890615 -0.04257634063734494
31.062322289 0.9851973023807987 0.16437705514914475 0.023498948041887277 -0.04259411418279409
31.102204101 0.985195519737646 0.1643889714108126 0.023511364053432696 -0.04258250494876488
31.142297508 0.9851968684144938 0.16437973092275462 0.02351951292496275 -0.04258247338764826
31.182112173 0.9851939047066226 0.16439490714392488 0.023523029179292963 -0.04259051223322787
31.222304588 0.9851941062299291 0.16439664082456584 0.023533595838544103 -0.042573317962287506
31.269015898 0.9851954879286653 0.16438956075074054 0.02354676481883991 -0.0425613997390148
31.309113524 0.98519394349356 0.1644094692168205 0.023524578512227733 -0.042532509228512295
31.348963574 0.9851939155499047 0.16440667569186937 0.023542976349050247 -0.04253377500321227
31.395694572 0.9851952541152849 0.16439686777715865 0.023557558385484862 -0.042532606041638936
31.435532139 0.9851968910410415 0.16438773927064232 0.02355682244766026 -0.04253037945660973
31.469031934 0.9852013108801999 0.16435542621840762 0.023586680159128168 -0.04253633072530281
31.508971276 0.9852022353646122 0.16434846296436262 0.023604822432828576 -0.04253175886014811
31.555718515 0.9852068499385859 0.16431579410956373 0.023622490595185147 -0.04254128087296774
31.595466054 0.9852138172398908 0.16428017500147143 0.023630786231616706 -0.042512872911213445
31.628867523 0.9852147837113431 0.16427494951463267 0.02363289629576719 -0.042509494601206295
31.66875719 0.9852138066480195 0.16428689106434308 0.023628057021846692 -0.042488675384201174
31.702268377 0.9852155791667816 0.16427704135391533 0.023616506387587326 -0.04249208016927585
31.742572253 0.9852196458928555 0.1642493352282436 0.023606185973577325 -0.04251062464393496
31.782128631 0.9852193820203996 0.16425167383302997 0.023622078903979417 -0.04249887436914022
31.822399199 0.9852168065548487 0.1642691396380308 0.023599229907898363 -0.04250376680014788
31.862112039 0.9852167397577157 0.16427133015974482 0.023582680666708388 -0.042506034410394335
31.89556958 0.9852153381054664 0.1642777100224175 0.023600533362492168 -0.04250395718669121
31.935461775 0.9852115495108986 0.16430372222590695 0.02359127738707794 -0.04249636695404033
31.969005449 0.9852107035666229 0.16430922873585063 0.02360199054908445 -0.04248873935657448
32.008860234 0.9852047229213037 0.16434187195455374 0.02361857123739418 -0.04249195392935703
32.04900905 0.9852040301332071 0.16434469294710363 0.023625262244407443 -0.042493386465329686
32.095559267 0.9852059588452375 0.16432647843053677 0.023622743178817195 -0.042520502668270656
32.13555392 0.9852062528799199 0.16432326009985537 0.023616936983315347 -0.04252935179366013
32.169057253 0.9852041029272672 0.16433633091558233 0.023609374966244337 -0.042532850012505154
32.215624003 0.9852094412975179 0.16430037725376292 0.02362195927728388 -0.04254110779477041
32.262431643 0.9852097394826043 0.16430160562594084 0.02360521408031451 -0.04253875275063074
32.302116133 0.9852058067537395 0.16432250724412728 0.023625758155321443 -0.04253769508686842
32.335731184 0.9852052310971571 0.16432478107346246 0.023641898200363345 -0.04253327630737859
32.382120089 0.9852124527647022 0.16427839547705364 0.0236591677713079 -0.04253557895707483
32.422322458 0.9852163942684072 0.16425712252602814 0.02365719002380828 -0.042527538424005855
32.455782319 0.9852170063106992 0.16424762142982124 0.023665841830093227 -0.04254523782167605
32.495473439 0.9852205484401264 0.16422719426946802 0.023650887845927254 -0.04255038305132457
32.535503752 0.9852180746479503 0.16424170392259158 0.023650420166106245 -0.04255191776590708
32.575538654 0.9852180951520282 0.16424228765106738 0.023642409634751504 -0.042553641428390465
32.615535863 0.9852162937594772 0.1642544263469704 0.023646894385893784 -0.04254600242290472
32.655555208 0.9852139635692305 0.1642676791465192 0.023653732413557338 -0.0425449940525442
32.69553923 0.9852199101748433 0.16423505492903753 0.023659192783789102 -0.04253020014471131
32.735553803 0.9852224719485676 0.16421451028871606 0.02367683658866545 -0.042540366563356635
32.775526104 0.9852224702633059 0.16421093714143456 0.023695230424666147 -0.04254395687431102
32.815528324 0.9852280165497465 0.1641709717024209 0.023712718358655946 -0.042560009912812724
32.855475986 0.9852322350385366 0.16414707971112835 0.02371322672266456 -0.04255422589682262
32.888854186 0.9852302032455219 0.1641566607273211 0.023710450012154057 -0.042565853825148395
32.928815328 0.9852253780052138 0.16418353098457986 0.02369578524086636 -0.0425820672318528
32.968960855 0.9852273672310072 0.1641735767465993 0.023700863521106806 -0.042571594116741114
33.015702785 0.9852203728526789 0.16422907250923133 0.023631548176371295 -0.04255794390679336
33.055516569 0.9852211205528038 0.16422181452469684 0.023606268458499276 -0.042582664786968275
33.08891806 0.9852241258262164 0.16420708754386282 0.02359880042877843 -0.04257406380241884
33.135521416 0.9852338423946638 0.16414532169733836 0.0236160855159451 -0.042577807247762625
33.175529188 0.9852350201715233 0.16413877184329856 0.023626882799115442 -0.04256981341970813
33.208921196 0.9852375241570357 0.164121656460988 0.023643933561226217 -0.04256838356301969
33.248879275 0.9852396276247168 0.16410949321642482 0.023647010687685745 -0.04256488317491459
33.282213582 0.9852410929386052 0.16410008174580176 0.023659243884618725 -0.04256045271108158
33.322128025 0.9852423210658962 0.1640992055432904 0.023638219862741137 -0.042547080774918714
33.355511779 0.9852429149097562 0.16409240601858982 0.02362705811234483 -0.042565749518985035
33.395460275 0.98524296764761 0.1640982207934248 0.023624630876565557 -0.04254345365986626
33.442125013 0.9852498327954367 0.1640555096848072 0.023628274965468054 -0.042547166072237505
33.482138412 0.9852489022438983 0.16406040023062912 0.02361536997917395 -0.04255702062064473
33.522498777 0.9852475458009855 0.16406818816934762 0.023610838261672047 -0.04256091447024707
33.562177232 0.9852414207747944 0.1640981505063118 0.023605467599035385 -0.04259015953836673
33.602103179 0.9852416397082903 0.16410082418452715 0.023590007604097445 -0.042583358581931206
33.635533201 0.9852413923077014 0.1641017505143342 0.023596558189138802 -0.042581883510946245
33.675549199 0.9852396517444677 0.16410681094810692 0.023600305282043453 -0.04260057301817599
33.708988302 0.985239823890116 0.1641091093820373 0.023586001924402477 -0.042595658840191473
33.755677152 0.9852368377119018 0.16412326761122284 0.023588211167523236 -0.04260895373020665
33.795514391 0.9852368019372907 0.16412288438074593 0.02356387842262261 -0.04262471776573029
33.828863889 0.9852358683647042 0.1641268038595108 0.02358187437554909 -0.0426212522510161
33.868824045 0.9852396675104712 0.1641024718938326 0.023589953783173592 -0.042622650817350276
33.908798944 0.9852428307674256 0.16408447009604724 0.02357866887119786 -0.04262508028088484
33.942368353 0.9852485611843431 0.1640521553381333 0.02359443597796143 -0.04260828093195976
33.988969979 0.9852531541521412 0.1640195434143456 0.02360727686607194 -0.04262051255411435
34.028856479 0.9852474438037186 0.16405451143507227 0.0236000122438179 -0.0426219565262983
34.062225454 0.9852480987925231 0.16405030001390994 0.023595734356463647 -0.042625393971716996
34.095826772 0.9852500262905068 0.16403363409016739 0.023584224696326747 -0.042651341446688154
34.135540006 0.9852475389185182 0.16404915347529234 0.02359193176769391 -0.0426448479245902
34.182124075 0.9852414022229408 0.164089992276563 0.02357376656685078 -0.042639551009629156
34.215673981 0.9852416319824593 0.16408377631275484 0.02356476344533084 -0.042663132600076696
34.262274281 0.985242246896792 0.1640796279336561 0.02356721026196867 -0.04266353510179477
34.30221583 0.9852404685729976 0.16408597071807404 0.023593358923857048 -0.042665755756315524
34.349059977 0.9852385813050514 0.1641033879644181 0.023572472320452505 -0.04265389214727
34.389186778 0.985233526961468 0.16413282605925014 0.023575463705924827 -0.042655717927624424
34.435820668 0.9852305105961383 0.16415259052307762 0.023578963875638216 -0.0426473970786808
34.475468183 0.9852314624223928 0.16414264118619665 0.023585640523649996 -0.04266000889055168
34.508944671 0.9852363139002156 0.16411251300237203 0.023584770574539112 -0.04266435802058634
34.549020975 0.985236084181547 0.16411268147584707 0.023565897620234297 -0.042679440891036924
34.59548619 0.9852358112576018 0.16411027154435026 0.023551786861178144 -0.04270279059804608
34.635676486 0.9852314633831527 0.16413567169944576 0.023517167063832813 -0.042724556041638065
34.675608778 0.9852296918627403 0.16414796398862133 0.02352151230689744 -0.04271578922642744
34.715486275 0.9852276995183219 0.16415800895206703 0.023532575066361614 -0.04271704705939597
34.749039678 0.9852266922195478 0.16416249551309822 0.023528788854709846 -0.04272512258696209
34.789050006 0.9852222978449172 0.16418612525196524 0.023523177895329962 -0.042738743613167735
34.828780777 0.9852158522721812 0.1642210340835228 0.02354437837747249 -0.04274153299726547
34.862150836 0.9852118262920215 0.1642430242416711 0.023546027830559656 -0.04274892859115876
34.89549043 0.9852176038492858 0.16421138419383444 0.02354325943566212 -0.04273885002853876
34.929082128 0.9852133031271159 0.16423542714211709 0.023529940737693857 -0.04275293793044959
34.969037355 0.9852124057431543 0.16424397623349066 0.023532180528807334 -0.042739540479029385
35.015656338 0.9852092445467275 0.16426814008075796 0.023519771904228107 -0.042726372928769026
35.055460093 0.9852076617123036 0.16428745867002925 0.023516250116688623 -0.042690516599918966
35.088829652 0.9852057208563326 0.16429020908703873 0.023535679511684216 -0.042714009177486315
35.122355797 0.9852083349280734 0.16427555886502535 0.023544294538339512 -0.04270531281385092
35.162140023 0.9852131952106787 0.16424762247144686 0.02354452134198586 -0.042700515336690247
35.195600236 0.9852100955869322 0.16427140547667307 0.023531088703600912 -0.042687946316610936
35.228940724 0.9852106773018823 0.16426754078455816 0.023514615868445242 -0.042698468538340445
35.268984325 0.9852145320704189 0.16424625546936886 0.023508838489917094 -0.042694588350415924
35.309050985 0.9852128596865132 0.16425488184144957 0.02350914939285 -0.042699821948095566
35.348869947 0.9852097546367753 0.16427180050351525 0.02352337496175567 -0.042698545154221064
35.389105245 0.9852084291636547 0.16428084264454784 0.023508775795326696 -0.04270238055994698
35.42896383 0.9852099550498973 0.1642690129786404 0.023520081771031452 -0.042706458517263755
35.462399375 0.985208977896856 0.16427255651375763 0.023534470170597985 -0.04270744386703555
35.502458426 0.985212979526504 0.1642418347303384 0.02354696215829797 -0.04272640015302506
35.548912425 0.9852149699188045 0.16422309930012968 0.023541564805461858 -0.042755484217338297
35.588893795 0.9852115027100108 0.16425331960016562 0.023527198192502843 -0.04272719126527191
35.628841223 0.9852102255644792 0.16426477951408996 0.023537980348773205 -0.04270664041429863
35.668805804 0.9852062751885512 0.16428853489618 0.02354773143782471 -0.042701018429301046
35.702174818 0.9852072067229468 0.1642860294563721 0.023547033917645416 -0.04268954837322595
35.742148276 0.9852060212445661 0.16429228082294017 0.02355441683259668 -0.042688776196140005
35.782200561 0.9852078356689615 0.16428182165087207 0.023553590949108583 -0.04268760903299222
35.815580485 0.9852077920331901 0.1642805193727549 0.023544428953931683 -0.042698680740012936
35.849014183 0.9852064071214235 0.16428467347492928 0.02355557929533645 -0.042708501638351666
35.888915619 0.9852115607280985 0.1642500948226035 0.02355481383299187 -0.04272303481452609
35.928779064 0.9852080035487137 0.1642732701179986 0.023553529502680873 -0.042716667897476
35.962121901 0.9852106411898771 0.1642594135254553 0.023540749922695982 -0.042716163774172394
36.00228059 0.985214260815542 0.16423730809766807 0.02355892449161996 -0.04270765729134811
36.035640408 0.9852141913308188 0.1642450332734332 0.02354616691025132 -0.042686581840251384
36.082295918 0.9852098089977906 0.16427132121873667 0.023549688246642435 -0.04268462794816896
36.122406226 0.9852133586708299 0.16424879121828745 0.02355728624435872 -0.042685205220022955
36.162112204 0.9852137377520219 0.164248119475227 0.023560054326435383 -0.042677512037105535
36.202141027 0.985213368507669 0.16424842397587472 0.023548940376108548 -0.04269099603400855
36.235545367 0.9852131233829268 0.16424992231440708 0.02355751856946828 -0.04268615528035422
36.275710362 0.9852120755156882 0.16424951438314336 0.02357128315587712 -0.04270430766745958
36.315514752 0.9852080381616874 0.16427420707701298 0.023582567771231834 -0.04269624021073647
36.348881554 0.9852073199746781 0.16427843349367902 0.023588502800015204 -0.042693272219739495
36.388994768 0.9852060062189769 0.16428501196083417 0.023605155947468568 -0.042689070823542806
36.428933552 0.9852038596769478 0.16430032473611852 0.02358219251515916 -0.04269236893671957
36.469087867 0.985196621381684 0.16435115536467693 0.023558582772487756 -0.04267678673661727
36.508937197 0.985198227726625 0.16434243809462207 0.023539976196704122 -0.04268354069300048
36.548777592 0.9851955102245143 0.16435898098670293 0.023510789648864938 -0.04269865071121633
36.582284036 0.9851958103175869 0.1643624591752796 0.023511923192228938 -0.04267770863496454
36.629175629 0.9851974435169548 0.16434845310866178 0.02351695882134264 -0.04269116883199843
36.669069444 0.9851936072675102 0.1643719069309412 0.023508203129385008 -0.04269422439563262
36.707891313 0.9851860131412641 0.1644272982896916 0.0235022761924429 -0.04265941984776684
36.746421338 0.9851869167820444 0.1644207441209145 0.023507399261623204 -0.04266099019207892
36.78504768 0.9851903212081031 0.16440027442278055 0.023491553468960508 -0.042669985741783795
36.823527 0.9851911774435379 0.16439174004667442 0.023498154006981336 -0.04267946168951196
36.86216761 0.9851901954091885 0.16440080710656071 0.023493369311252198 -0.04266983818485541
36.906979992 0.9851894520443076 0.16439798882436166 0.023486420850327712 -0.04270167311456505
36.951978232 0.9851922957784283 0.16437593701197603 0.02350324945752319 -0.042711695531812366
36.9908308 0.9851899959293599 0.1643891103286361 0.023515370457103977 -0.04270737264609755
37.029070069 0.9851913849560885 0.16438393263448506 0.023526552727280197 -0.0426890971642168
37.067678335 0.9851908666590159 0.1643835822447664 0.023535807679024356 -0.042697305499662025
37.106202883 0.9851883135392209 0.16439787000023337 0.023559202049754438 -0.04268830289330999
37.144919665 0.9851867395922931 0.1644106722436514 0.023560506659783792 -0.04267460028907283
37.183360199 0.9851855234659666 0.16442338790532035 0.023545044889444422 -0.04266221658540822
37.221882365 0.9851967128746353 0.16436103937034713 0.023547019769786265 -0.042642977593900455
37.260462028 0.9852024587890169 0.16433177738801846 0.02353572052947223 -0.042629238742076
37.299053011 0.9851969410535997 0.16436302131599678 0.02355698332002575 -0.04262455981435265
37.337536745 0.9851950168911991 0.16437482370710055 0.023550984874665355 -0.04262683586008932
37.376208024 0.9851970565096329 0.16436536537472868 0.02354609998518694 -0.0426188653705728
37.414851781 0.9852024386078908 0.1643290535233933 0.02355924722240387 -0.04262720961410221
37.453310365 0.9852022746921933 0.1643277493864911 0.023567589033075206 -0.042631414122295715
37.491859315 0.9851990836903695 0.16434808768443057 0.02356797367425307 -0.042626543221531504
37.530370991 0.9851971807303934 0.16435578225343667 0.023591855207467566 -0.04262764699834262
37.568941239 0.9852003929510198 0.16434297586092106 0.023580275664997215 -0.04260918461899583
37.613935736 0.9851975258069317 0.1643559502188326 0.023575941740328267 -0.04262782826536772
37.652526153 0.9851989682982424 0.1643513646994774 0.02357175594012522 -0.04261448236688381
37.697594873 0.9852043735825563 0.16432015593498248 0.023576503682527356 -0.04260724235870884
37.736275846 0.9852038813394423 0.16432389927595825 0.023599782697519854 -0.04259129696396616
37.77504505 0.9852020926092157 0.16433417707590595 0.023609729927249665 -0.04258750539735761
37.813793736 0.9851955677020144 0.16437201582821312 0.023613400557510465 -0.042590387495135766
37.852550392 0.985195871573912 0.1643675421387156 0.023611996944023248 -0.042601400508822426
37.891430698 0.985198460988667 0.16434945527781356 0.023608485798134137 -0.04261324223486776
37.930048509 0.9851999766070095 0.16433900609472496 0.023607936937435473 -0.04261880433451976
37.968709327 0.9852032490018027 0.16431713182588842 0.02360917680329941 -0.042626812166477644
38.007520923 0.9852053552119661 0.16430335039460028 0.023592814718927668 -0.042640311964282154
38.046288931 0.9852035551612788 0.16431127852915883 0.023581494702737307 -0.04265761073097007
38.091472949 0.9852056218275458 0.16429701713533906 0.023589743805541494 -0.04266024926108694
38.130236407 0.9852055555593041 0.16429889704765002 0.023603265917648945 -0.0426470580700409
38.168949223 0.985203624203554 0.16430835747952038 0.023616717074361297 -0.04264778063620723
38.214193827 0.9852081002328936 0.16427426244778184 0.02359668826726595 -0.04268679228458824
38.252925409 0.9852103082884189 0.16426081029260547 0.02359158952990268 -0.04269041517375721
38.291619987 0.9852109825120835 0.1642592188873976 0.023570614896450535 -0.0426925644753325
38.330344033 0.9852097710301524 0.1642675522690613 0.023565063765185003 -0.04269152267123581
38.375496274 0.9852121492495615 0.16425069794280342 0.023587132304237552 -0.042689300603598025
38.414317025 0.985211816581233 0.16425665476500204 0.023580579334590134 -0.042677676979460163
38.452986355 0.985210682712159 0.16426444574509694 0.023596706654083942 -0.04266495012277509
38.491815533 0.9852122535615928 0.16425720249954834 0.0235978222902704 -0.04265594498152725
38.536961552 0.9852073468726829 0.16428116355310057 0.023600167365116453 -0.04267569648016581
38.576015748 0.9852100467352605 0.1642669558995231 0.023601141400199123 -0.04266751851254105
38.614534432 0.985214278095444 0.16424085830029805 0.02359096495853467 -0.04267590741835064
38.659664727 0.9852074440037608 0.16428043151235813 0.023599669212573383 -0.042676547596392424
38.698529059 0.9852044229998825 0.1642845969825261 0.023650528760496795 -0.042702091109294606
38.7438792 0.9852078219012954 0.16427232777653025 0.023597286420458406 -0.04270032862843788
38.782819617 0.9852136190058521 0.16423921450528112 0.02360407959741131 -0.0426901952494835
38.828102726 0.9852081823149742 0.16427178557415964 0.023581296604450817 -0.04270293215172316
38.867070613 0.9852111600941824 0.16425851434140526 0.02355783806413693 -0.04269822897935497
38.912449325 0.9852120432877991 0.16425090121903735 0.023525353628593256 -0.0427250388655575
38.951332749 0.9852118403783264 0.1642461378706676 0.023525844949115107 -0.04274775306786465
38.990194124 0.9852159245406215 0.1642217034388208 0.023525520994157202 -0.04274767845361765
39.029056401 0.9852142074456864 0.16423081390850502 0.02351948885789263 -0.04275557102859643
39.074799649 0.9852149380408849 0.1642263486883091 0.02351813780828488 -0.04275663049904533
39.126438819 0.9852138581598071 0.16423144337097886 0.023510617955924483 -0.042766079332611964
39.171832565 0.9852101742478987 0.16425666755053947 0.023530531569049325 -0.04274311415532264
39.217110987 0.9852084753338916 0.16426342309760966 0.023515057604332132 -0.042764822323840004
39.256077207 0.9852051467635502 0.16428183052710268 0.023512859644857057 -0.042772004636176954
39.301434283 0.9852033765007292 0.1642930623026743 0.023536373321298504 -0.042756704055064064
39.340299421 0.9851974434588361 0.16432978792424283 0.023527430592087176 -0.04275720071147659
39.379182727 0.9852008440850002 0.16430964421993122 0.02354513820484866 -0.04274650976907426
39.424561862 0.9852018043443149 0.16430389446327573 0.023542871528662072 -0.042747727203817
39.469962785 0.985199565076899 0.16431856190218042 0.02354226363003697 -0.042743291986721645
39.508866143 0.9852018760026892 0.16430355346039535 0.023541339892852765 -0.04274822987116685
39.547762274 0.9852004332646442 0.1643109860176034 0.023539628470742122 -0.04275385433548565
39.593194643 0.9851960767989629 0.16433394811763458 0.023514733896524826 -0.04277968029074366
39.638566035 0.9851963030892736 0.16433000532473813 0.02349695455291654 -0.04279937915365033
39.683909295 0.9852005292891988 0.16430882032784225 0.023498959977690928 -0.04278232731774386
39.723002033 0.9852028697833131 0.164297846125057 0.023479437537625127 -0.04278129430379794
39.761946553 0.9851966250149718 0.16432980881623754 0.02347547261068933 -0.042804511201889786
39.801066969 0.9851973909729035 0.16432421894258326 0.023470885617986506 -0.042810856303062236
39.846559768 0.9851971317658212 0.16432879424552638 0.023463063665171403 -0.04280354641445692
39.88572999 0.9851978870716246 0.16432090713470393 0.023477928334309915 -0.04280828972481275
39.924661073 0.9851960056030079 0.1643351938054693 0.023473563065322414 -0.04279914085370547
39.970110704 0.9851923097084229 0.16435372053746766 0.02349068880051875 -0.042803679474458234
40.015730396 0.985193685556661 0.164343164554581 0.023487921588416824 -0.04281406010793003
40.061530309 0.9851946334099424 0.1643284100775165 0.023495380942308058 -0.042844778165146445
40.106869234 0.9851898490082964 0.16436751035155941 0.02349025383149951 -0.04280760360931367
40.152504598 0.985188343342707 0.16437000348985795 0.023519659511550613 -0.04281653548405716
40.204394223 0.985184380836881 0.16438893464422907 0.023525921732887315 -0.0428315879720213
40.249909283 0.9851855070949036 0.16437627081178013 0.023512877301277456 -0.04286143727391029
40.288988992 0.9851833112030394 0.1643932269638048 0.023506210902035016 -0.04285053447124455
40.328217913 0.9851874621202418 0.16436288036368524 0.02350455130173689 -0.04287241663044285
40.367163747 0.9851922981852458 0.16433065731848717 0.023492019518356107 -0.04289167379220505
40.406084969 0.9851901275994421 0.16434140508060704 0.023489999124286252 -0.04290145682687186
40.451576734 0.9851914428467531 0.1643401671897904 0.02348728081839265 -0.04287747694679265
40.490743389 0.9851863591114804 0.1643715508300305 0.023485091208129263 -0.04287518617268057
40.529655943 0.9851825594609145 0.16439031838427207 0.02347402021568778 -0.0428965981223769
40.575183568 0.9851841457213195 0.16438672155206918 0.023494555928826103 -0.04286269518384897
40.614297013 0.9851809019347554 0.164400000545227 0.023518370379369363 -0.04287326134609061
40.65991767 0.9851858416894703 0.16437169958398049 0.023513993943173654 -0.04287066362122464
40.705391372 0.9851869801734531 0.16436374825174582 0.02348626079323237 -0.04289018432346907
40.744719217 0.9851850892671347 0.16437360589671612 0.023519956036692147 -0.04287737443280577
40.783846619 0.9851864620323919 0.16437271053007954 0.023530061687046876 -0.042843707333715175
40.835967873 0.9851885596468402 0.16435693137300436 0.023547115550444205 -0.04284663813985946
40.87511106 0.9851929448925514 0.16432709984582433 0.02354451867937659 -0.0428616522121987
40.914394503 0.985186622918597 0.16436408137100839 0.023539124229718503 -0.04286812811183398
40.953529661 0.9851837054757676 0.16438712403591144 0.0235275470736563 -0.04285317310229028
41.005651332 0.9851816679869435 0.16439114516854186 0.023530982261272666 -0.042882692621370615
41.051356803 0.9851792299103608 0.16441322883135295 0.02351845982307063 -0.04286090510043292
41.090695296 0.985178939744599 0.16441011469192335 0.02351983342312304 -0.04287876288379803
41.129589781 0.9851761241200526 0.1644298408466606 0.023524987926865738 -0.042864983914300235
41.175302717 0.9851756971358341 0.16443263671360173 0.023543635278138932 -0.042853832900057266
41.221354496 0.985176634230328 0.16442876095814227 0.023550590464192857 -0.042843338165464734
41.260337781 0.9851773224092388 0.1644311780610481 0.023523096944557315 -0.042833339843581134
41.305956295 0.985173937407863 0.16445313275026005 0.023486933823125715 -0.04284675157467228
41.351569642 0.985174952944116 0.1644513722724192 0.02346303525032554 -0.04284325181541583
41.3907745 0.9851792360470113 0.16442717759011424 0.023491253801835123 -0.04282215695635071
41.429828196 0.9851830333057182 0.1644066839753032 0.02349823754283692 -0.04280964824860798
41.475506482 0.9851835352553955 0.1644057860436402 0.023500418095800467 -0.04280034726934318
41.514794631 0.9851842072931157 0.16439923661012554 0.023496094831193547 -0.04281240742970021
41.56043344 0.9851891882092197 0.16436994143837416 0.023498127783498156 -0.04280915530438047
41.606101812 0.9851845813852949 0.16440431030282698 0.023505096349030988 -0.042779361848392546
41.645210645 0.9851785953400074 0.16443938417379034 0.023495288172126188 -0.042787797911828095
41.684667732 0.9851788703902513 0.1644370463684389 0.02349896708042239 -0.042788429094389194
41.723666479 0.985183129014674 0.16441052602336492 0.02352003815681097 -0.04278070876784164
41.762830494 0.9851794260863828 0.16442788109386597 0.023530305461667976 -0.04279363340460614
41.808683842 0.9851803112999746 0.16442950265180084 0.02353357963688185 -0.042765213831352164
41.847896663 0.9851839783944967 0.16439500627234602 0.023558305536238715 -0.042799729762797695
41.887216892 0.9851879561311482 0.16437611754266337 0.023543640416672704 -0.04278878441439999
41.933115162 0.985186255016303 0.16438759595634092 0.023539179885641144 -0.042786308942912354
41.97884124 0.9851855131517561 0.1643968861206367 0.023526173167514833 -0.04277484875299612
42.024656182 0.9851926681489491 0.1643522390326589 0.02352066117717133 -0.042784654355216764
42.063958517 0.985191434104032 0.16435241100117012 0.023537407197180865 -0.042803196476168655
42.103214815 0.9851909192264326 0.16435418967627166 0.023536872084057553 -0.042808511561738156
42.148927436 0.9851878761992746 0.1643727378310201 0.023526991066169792 -0.042812759070983655
42.188274428 0.9851875601609567 0.1643781834983934 0.023525435815205352 -0.04279997620997693
42.24064666 0.9851859261829234 0.16439359584524682 0.02352771819273154 -0.042777131423326856
42.286306916 0.985184035146257 0.16440556825950178 0.02352384433464511 -0.04277680172627037
42.338688788 0.9851846359150664 0.16440851569745885 0.02350046796092963 -0.042764484431285846
42.38449675 0.9851844378197607 0.16440877178730812 0.023489583963996093 -0.04277404215583667
42.430524778 0.9851863444564085 0.1643991000440702 0.023487460326028477 -0.04276846745853938
42.476158516 0.9851900581777688 0.16437438973234003 0.023499650694153176 -0.042771201585389225
42.51533154 0.9851943779623711 0.16435089081209647 0.023499979214651336 -0.04276182055897704
42.56128377 0.9851912838891477 0.1643693617637107 0.023503690885515315 -0.04276006989004292
42.607027892 0.9851840461492046 0.16440436924781743 0.023517449084798234 -0.042784672183544134
42.646267023 0.9851858405045314 0.1643951074333711 0.02350374661210198 -0.042786472354526636
42.692206337 0.9851913074040495 0.16435972419605893 0.023494710746467896 -0.04280148881330046
42.731605474 0.985194837240731 0.16433856416059903 0.023509021802751225 -0.04279363150890535
42.770840908 0.9851957842816157 0.16433340936485605 0.023498032022698227 -0.042797659881295524
42.810170167 0.9851932868076545 0.1643496247366246 0.023493860425819517 -0.042795174965798495
42.84972777 0.985194355156389 0.16434266099366412 0.02349156379328199 -0.042798583808986004
42.895427866 0.9851905066625398 0.1643674921776964 0.02349075352033835 -0.042792260938980926
42.934863103 0.9851878943707638 0.16438317043229236 0.023483835017618002 -0.04279597594159938
42.980708131 0.9851882974892805 0.16437331164284075 0.023491686124117755 -0.04282024746290554
43.020056921 0.9851823702386714 0.1644116299854214 0.023470531877689733 -0.042821109628646166
43.066088531 0.9851900182645908 0.1643631543892933 0.0234629692058214 -0.042835388022793346
43.105521553 0.985193483764424 0.16433924228778313 0.02345277666308475 -0.04285300758624303
43.14479671 0.985193582278296 0.1643297073196989 0.02347121182940751 -0.04287720775819743
43.184160947 0.9851944140353649 0.16432387758263514 0.023480288704523202 -0.04287546911782345
43.223798867 0.9851938955739166 0.16432969803091682 0.023483559409973605 -0.042863281563557926
43.262734644 0.9851878723957407 0.16437541244726614 0.023486271921449045 -0.042824933139197496
43.302081517 0.985184502245318 0.16439144247760146 0.023468408051609102 -0.042850717605446634
43.34821932 0.9851884202596431 0.16436571542446823 0.023472149414153595 -0.042857279208918214
43.393963842 0.9851870888371671 0.16437631329268926 0.023468359870433907 -0.042849313901663945
43.439853897 0.9851862733316257 0.1643758809080165 0.023479718252323856 -0.04286349782097191
43.485937219 0.9851939996877485 0.16433407711435422 0.02347994994830733 -0.042846073666734256
43.525104203 0.9852007032946247 0.16428915458220894 0.023506391126239447 -0.04284970817473848
43.571233929 0.9852005094317493 0.16429655186961595 0.023503416857987007 -0.04282742877147688
43.610480935 0.9851968534968361 0.1643098228108927 0.023493334380293218 -0.04286613147325618
43.656364291 0.9852024217465764 0.16427874050236016 0.023467152151550416 -0.04287162667237459
43.695684302 0.9852064661269176 0.1642523432902386 0.023457039412164725 -0.04288536029221181
43.735096185 0.9852083992905053 0.1642426110680502 0.023441005409267274 -0.04288699036295551
43.774522859 0.9852027940232106 0.16427660543994863 0.02344391707778869 -0.042883963273425155
43.813955842 0.9851979424520122 0.16429885642828426 0.023430385864788867 -0.04291756030935242
43.853411296 0.985193583639658 0.1643244201612328 0.02340812738519109 -0.04293189101637124
43.892815078 0.9851941242752422 0.16431939783324392 0.023426387738426185 -0.0429287473237632
43.93228052 0.9851884305135153 0.16434319315912455 0.023434103751200246 -0.04296410159606745
43.97173145 0.985189988188296 0.16433520922747036 0.02340881798463739 -0.04297270554981686
44.017813539 0.9851889443685444 0.1643395867043894 0.023411769760924517 -0.04297828722140194
44.057123069 0.9851859748024123 0.16435786971147764 0.023422274863300417 -0.042970719760711935
44.096724836 0.9851896422806885 0.1643354655490617 0.023437609095249952 -0.04296396147378166
44.142692726 0.985195853377694 0.16429751434071915 0.02344360822047372 -0.042963408878526926
44.182194579 0.9851979157610781 0.1642863753442019 0.02345155873091596 -0.04295437171443968
44.227963653 0.9851984335694038 0.16428498498642957 0.02343739728090937 -0.04295554223960424
44.267539476 0.9851999692655322 0.16427889708739235 0.023425041584831344 -0.042950342928705317
44.313463086 0.9852023736387696 0.16426307130203552 0.023432501955429768 -0.042951649969068896
44.352993723 0.9851990881892623 0.16428411267205792 0.023412083940133742 -0.04295766846770269
44.392514811 0.9851973814711128 0.16429264403571028 0.023416409269463517 -0.042961825323687475
44.431909894 0.985195515615175 0.16429679226548694 0.023431732390558964 -0.04298039064734205
44.477920624 0.9851936232677054 0.1643060715090579 0.02343216381084022 -0.04298805923803697
44.517521763 0.9851963479879189 0.16428651608796446 0.02342389871251719 -0.043004854517278625
44.55661934 0.985194763485963 0.16429771547787947 0.023455177486385263 -0.042981313819721166
44.602687003 0.9851901019991548 0.16432333016705578 0.023450182905708942 -0.04299296462670125
44.642048216 0.9851862134165752 0.16434967017978577 0.02344347204821466 -0.04298504884294854
44.681583675 0.9851854403563463 0.16435565835217236 0.023415154358486064 -0.042995304672305924
44.721053601 0.9851879383205825 0.16434351055081536 0.023412361051299187 -0.04298602188477
44.760587137 0.9851922845892888 0.16432286801164273 0.023392117990797115 -0.042976345238637664
44.80687594 0.9851895122754166 0.16433013229696847 0.023387856857385675 -0.04301442401574397
44.846116079 0.9851948048859216 0.16429121928001744 0.023405995333808785 -0.04303197736230562
44.885627268 0.9851893198496848 0.1643166631859394 0.023394014272842243 -0.043066905504760944
44.925244347 0.9851883449988625 0.16432646872063464 0.02337627350520546 -0.04306142581497225
44.971300728 0.9851824604188246 0.16436497990971494 0.02337092962857059 -0.04305197684992672
45.010905578 0.9851828271556375 0.16435984412120871 0.023365253456930093 -0.04306627043256263
45.05690149 0.9851810101689527 0.16436525745220695 0.023386089854116776 -0.043075865011477775
45.096383157 0.9851786796581203 0.16438487287467873 0.023367212541918255 -0.043064557295756985
45.142415349 0.985183320331507 0.16434962873569964 0.02338909776434093 -0.0430810280842392
45.18206315 0.9851859487808587 0.16433726231821494 0.0233702516401318 -0.04307832258561693
45.221483369 0.9851813049867142 0.1643701030937669 0.02336691310711874 -0.0430610367439494
45.267670835 0.9851749890766945 0.16440635184912572 0.023387075232356218 -0.043056208396380295
45.307020514 0.98517071524883 0.16443039725683195 0.023394999049119986 -0.043057871447166836
45.346635122 0.985174724504264 0.1644069125145863 0.023406233825396788 -0.04304971002782348
45.392741699 0.9851762174513324 0.16440007029666137 0.023378665772644646 -0.04305665385778135
45.432129507 0.9851707355834841 0.16442768879377623 0.02337978887327161 -0.043076007011737534
45.478454247 0.985171375163125 0.16441657699969933 0.023369107728284207 -0.04310957632456081
45.517973 0.9851726542414788 0.1644050604035159 0.023380175894824523 -0.04311826554539335
45.563922483 0.9851748306464355 0.16438832836320028 0.02340103862165026 -0.04312101517993162
45.603414014 0.9851729472073542 0.16439491645852625 0.023399077585290112 -0.043139989586548494
45.649472789 0.9851686100506416 0.16442425847460398 0.023392013478795166 -0.043131041042056395
45.695554374 0.9851719282762115 0.16440050858297 0.023417257200966556 -0.04313208294733672
45.735044129 0.9851728437305081 0.1643991553092681 0.023415621032800513 -0.04311721699265106
45.77463554 0.985171474709764 0.16440593538082104 0.023411176987534105 -0.0431250579339262
45.820881461 0.9851777252500502 0.16437534677768628 0.023419569214749893 -0.043094301486943015
45.867100513 0.9851774070727475 0.1643733226665166 0.02344049565679235 -0.04309791819045635
45.913223189 0.9851777476126938 0.16437952536291991 0.023434459353587945 -0.043069749999803765
45.952701213 0.9851777452758174 0.16437822708436362 0.02344482109870469 -0.043069119302675755
45.992333731 0.9851764625866948 0.1643823395333798 0.02343277715535484 -0.043089313866514906
46.038726816 0.985175885811209 0.16437971411815264 0.02343329858279473 -0.04311222703669775
46.084769891 0.9851765107365272 0.16437110593608248 0.02343461597466294 -0.043130047536149727
46.124117285 0.9851695178679691 0.16441246282916008 0.0234265026708091 -0.043136551819287744
46.170388546 0.9851687942960179 0.16441299590023153 0.023466803156763236 -0.043129139500372206
46.210206514 0.9851719229164044 0.16439693171519099 0.02347318234823606 -0.043115436334002735
46.256068963 0.9851727675163096 0.16439203280072934 0.023497286017563797 -0.04310168495208136
46.295700569 0.9851696106157587 0.16441160088885423 0.023503998451170287 -0.04309554349542452
46.335241826 0.9851738688182682 0.16439085527778766 0.02351451810202565 -0.0430715954790719
46.381551891 0.98517561225847 0.16437673015262064 0.02351180429280421 -0.04308710543049183
46.427590306 0.9851724748193373 0.16440199293398755 0.023485012385551132 -0.04307706780789261
46.467215649 0.9851721161801577 0.16440615266503356 0.023482695587461452 -0.043070656773939495
46.506643737 0.9851717032342014 0.16440849318226428 0.023479222894871248 -0.0430730612844383
46.546492939 0.9851687712046069 0.16442781617586702 0.02347939169417151 -0.04306627075231878
46.592424565 0.9851687980853663 0.16442718765461148 0.02347601252646232 -0.04306989754906995
46.632005748 0.9851704435186106 0.1644156183203845 0.023488833940548477 -0.04306943637642874
46.671689405 0.9851646424662553 0.1644483116742329 0.02346310800307183 -0.04309132841612011
46.711237436 0.9851653326348018 0.16444398472186642 0.023467256792667802 -0.04308980299307581
46.750834567 0.9851645583205813 0.16444828696703143 0.0234659653665325 -0.04309179054111796
46.797135632 0.9851646910175723 0.16444420655500158 0.023476463758771358 -0.043098609631058625
46.836585904 0.9851674699895278 0.1644288399877195 0.023478479163988125 -0.04309261735926573
46.882942557 0.9851685613786864 0.16442221454162922 0.02351359960579018 -0.043073793307005386
46.922630589 0.9851663974154785 0.16443640637414075 0.023498835799783055 -0.04307716771354684
46.962118394 0.9851646275819859 0.16445145879109158 0.02349934450282974 -0.04305990095978612
47.00828598 0.9851714537781928 0.1644089080149079 0.02347070930699082 -0.04308182250711336
47.047954028 0.9851707843045424 0.16441809007048191 0.023467122019419764 -0.04306404061944772
47.087606433 0.9851683046857436 0.16443081679161542 0.023490506634571265 -0.04305942440292899
47.133801215 0.9851623153960255 0.1644621098914926 0.023467502933140632 -0.043089477133794137
47.173665397 0.9851643942840189 0.1644454562830204 0.023470874246261025 -0.04310366811522727
47.219689849 0.9851695923166811 0.16441978115636813 0.02349111085479344 -0.043071773238214775
47.25935461 0.9851669319669004 0.164434692726017 0.02350023979796788 -0.04307071762187176
47.305533019 0.9851686375160342 0.16442316076017477 0.02350272721329384 -0.04307437375019979
47.345186166 0.9851680820938196 0.16442740002443537 0.02349067310095687 -0.043077470005255365
47.384881202 0.9851651437000337 0.16444374666140385 0.023508072502942533 -0.04307277968332676
47.43109029 0.9851625729974574 0.16446703746627406 0.023471543215979055 -0.04306257088420811
47.470712854 0.9851595079477117 0.16448338490105563 0.02346781065937265 -0.043072286386606456
47.516826692 0.9851663543924447 0.16444141356431255 0.023461160065893806 -0.04307957342446042
47.562987261 0.9851715284752043 0.1644054231837677 0.02346927126382086 -0.04309419468955479
47.602812632 0.9851699893808264 0.16441942746099306 0.023466490624220866 -0.0430774617934375
47.64906516 0.9851726813177509 0.16440606904304247 0.023450523308537155 -0.04307557780881527
47.688519972 0.9851677962608918 0.16444395276889193 0.023414716087124577 -0.043062172248505406
47.734847953 0.9851693986451527 0.16444062056364564 0.0234214353751039 -0.04303457501545935
47.774397402 0.9851696447897343 0.1644401271730198 0.02342251750093275 -0.04303023627762344
47.820814809 0.9851812289112641 0.16436956158787114 0.023417750621607107 -0.0430372208689932
47.860409272 0.985182726147294 0.16436732145961622 0.02339897043510652 -0.0430217145143527
47.900037683 0.9851863121252908 0.16433761873625144 0.02342549146446523 -0.04303863170124954
47.939657633 0.9851866848137294 0.1643355481558698 0.023427712362176802 -0.04303679787714752
47.98601448 0.9851862807687639 0.16433988111357264 0.0234454968447574 -0.04301981332234673
48.025824643 0.985191812609869 0.16431589003992095 0.02343972704478768 -0.0429879034489384
48.065373829 0.98519337948982 0.1643073430660695 0.023466205563693332 -0.04297021317655956
48.111714779 0.9851942777234264 0.1643017317189278 0.023466556428270356 -0.042970883451200384
48.15144633 0.9851907859703259 0.16431369210378868 0.023473627813404 -0.043001332812724606
48.197573359 0.9851901831374349 0.16432076033985396 0.023462316163986176 -0.04299430766021221
48.237209721 0.9851943614550042 0.1642943247349614 0.02345500560830851 -0.04300357809606054
48.283533373 0.9851878400758087 0.16433633119060304 0.023427154514515623 -0.043007655701378614
48.323333341 0.9851883781546485 0.16432945869947377 0.023424412172283696 -0.043023080630449274
48.362875108 0.9851911839230701 0.16431987264763814 0.02341856793575724 -0.04299861915412762
48.402567711 0.9851867119805924 0.16434108055183103 0.023444983306213443 -0.043005633790207415
48.448844291 0.9851873114331716 0.1643309353193925 0.023447691882154953 -0.04302918583394418
48.488517064 0.9851929661424059 0.1642994498294779 0.023458502407120035 -0.043014054843437295
48.52833586 0.9851975747936383 0.16426890333837793 0.023461588578359838 -0.04302348054400107
48.567967863 0.9851996657306364 0.16425107427885652 0.023464554371872542 -0.04304204840168733
48.61429761 0.9852018977990518 0.1642441081714231 0.02346196734952965 -0.043018944573412196
48.654056163 0.9852058799873632 0.16422195725628208 0.023462377646018218 -0.043012087003968386
48.693684558 0.9852085174313754 0.1642013617050368 0.02349643345156167 -0.043011714798871274
48.733197721 0.9852129373553574 0.1641723204501769 0.023506879382170134 -0.04301562375864433
48.772942941 0.9852149992468446 0.16415993863678272 0.0234867934817076 -0.043026623592323655
48.812717138 0.9852080883783526 0.16419376104852915 0.023493724042588267 -0.0430520192002816
48.858941548 0.9852097234762127 0.16418093113225568 0.023510996844925747 -0.04305410140541925
48.898823573 0.9852100633160765 0.16417802684894364 0.023495219956531508 -0.04306601072672358
