0.404591547 0.8148478760904652 0.20284348870115074 0.4691389270843811 -0.2734705194651152
3.43120124 0.9851935687359834 0.16405252169674403 0.023232108434684574 -0.0440530519246483
3.497952594 0.9851977461425465 0.16402835790607162 0.02321218460713723 -0.044060109896009815
3.53140767 0.9851936085897388 0.16405052047949947 0.0232084658898385 -0.04407207092222849
3.637961806 0.985189710669924 0.16406429028967445 0.023189473903554535 -0.04411792087047451
3.677917545 0.9851846536593944 0.16409138524810246 0.023193375555516225 -0.044128027507683625
3.711340723 0.985181855527383 0.16410531570423997 0.023194449287797524 -0.044138128862358045
3.751223469 0.9851908699690423 0.16404722501169552 0.023215109707320023 -0.044142002411320234
3.791226401 0.9851929541541 0.1640421509571205 0.02319707306635124 -0.04412382118122996
3.824614844 0.9851897287690693 0.16406789066194225 0.023183719954051246 -0.044107150335979804
3.858011647 0.985186739269663 0.16408235858279022 0.023169685669786427 -0.04412747483236589
3.897898873 0.9851841157610708 0.16410066073675436 0.023161492493223357 -0.04412228986945403
3.931322509 0.9851894165995868 0.16407197691034245 0.023141439352694023 -0.04412112416500232
3.971242542 0.985191216023755 0.16405976518588083 0.023140981215671156 -0.0441265940807193
4.011399467 0.9851896051791069 0.16406123092871672 0.023159001266272475 -0.044147650147416846
4.051218857 0.9851907868635306 0.16405448454018132 0.023161808469838865 -0.04414487750441222
4.091242415 0.9851937577360803 0.16403763369858237 0.023153980844925724 -0.044145301216143906
4.131260037 0.9851911030485475 0.16406173684267847 0.023134867561045935 -0.04412499157034243
4.164628198 0.9851885775452307 0.16408287766659502 0.023119943364636842 -0.044110589996849234
4.197994255 0.9851945680289381 0.1640424093741709 0.023151895991564007 -0.04411055162868515
4.231353965 0.9851913255996576 0.16406594303198027 0.023152449021467465 -0.044095151712233494
4.264730899 0.9851902740196447 0.1640673357739232 0.023165908647251758 -0.04410639393207641
4.304513132 0.9851932158202734 0.16404997077166417 0.02319040025441329 -0.044092402152349316
4.337909278 0.9851916216317682 0.16406167588630802 0.023191654138689434 -0.04408381052330049
4.384544092 0.9851949098092878 0.16403896235108428 0.0232189494027909 -0.04408048213529017
4.424527982 0.9851978890955975 0.16402235252310832 0.02317571360630046 -0.0440984522767275
4.457908483 0.985196571699924 0.1640260482593222 0.02320211859648249 -0.04410025278591655
4.498019833 0.9851914239274541 0.16406043755986635 0.0232004918772447 -0.0440881868998337
4.538015046 0.9851885542876159 0.16407230530700023 0.023204328025552813 -0.044106125343386385
4.584549754 0.9851888181804009 0.16406657433701521 0.02322114877398055 -0.044112696213655905
4.624522322 0.985188874955416 0.16406338584116206 0.02321891107119568 -0.044124463272472984
4.664622962 0.985185839536233 0.16407705984605975 0.02322088645154223 -0.04414034936387425
4.704550839 0.9851784671462266 0.1641212192494438 0.023232883601622477 -0.04413441268489626
4.738007514 0.9851862773768708 0.16407299715719822 0.023206012173120218 -0.044153498968694964
4.771344633 0.9851771041467305 0.1641365778371951 0.023177918049774836 -0.044136621935015934
4.811255455 0.9851702360187872 0.16418229472686413 0.023191631354478073 -0.044112678404584396
4.844599206 0.9851719120881981 0.1641695740886906 0.02318576700038695 -0.04412567035893834
4.884589137 0.985171015588903 0.16416837257554037 0.023190465889191342 -0.04414768149371362
4.924695955 0.9851726647684355 0.16416226730176997 0.023204142141703635 -0.04412639091144768
4.971281299 0.9851719615278473 0.16416908073228956 0.02321203990538125 -0.0441125872548856
5.018019349 0.9851751241869436 0.1641515328901939 0.023226232168873078 -0.04409978539944918
5.064739646 0.9851699206007412 0.16417314248326392 0.023227872415157592 -0.04413471166513258
5.104629751 0.9851767456453676 0.16412395892937826 0.0232528892121754 -0.044152113066496704
5.151321912 0.9851734565809307 0.16415112868108248 0.02325267356222359 -0.04412460281199603
5.191300142 0.9851688250697452 0.16417930029142697 0.02323885672193305 -0.044130477051272446
5.231262705 0.9851675361707154 0.16418460981326383 0.023237513408892557 -0.044140203288612775
5.271186224 0.9851691316748705 0.16417717358271877 0.02323027907905307 -0.044136060124128795
5.304572576 0.9851704566335797 0.1641704138544032 0.02322354291269152 -0.044135174700462805
5.344533818 0.9851685766054261 0.16417619469626904 0.02323364201758787 -0.044150318717874365
5.377954876 0.9851669728736345 0.1641871175142208 0.02321710454939929 -0.04415418505321304
5.411305323 0.9851684627163881 0.16418108655281766 0.02319929297304102 -0.044152731432106074
5.457994687 0.9851648389372402 0.1642017115524911 0.02321142233410038 -0.04415051435965795
5.497903564 0.9851640701728157 0.16420426736141142 0.023199439509059613 -0.04416445887021698
5.531263386 0.9851611083682627 0.1642211050636941 0.02320742385238187 -0.04416372593442942
5.571191006 0.9851630279434767 0.16421533659309961 0.023209554610287425 -0.04414122988372425
5.604596367 0.9851573048079367 0.1642531057050511 0.02320487767419505 -0.04413089282954957
5.64455996 0.985155698213712 0.16426020526713675 0.023217709430518745 -0.04413358371412775
5.677922274 0.9851549900993211 0.16427214870899193 0.023201652535684805 -0.044113376208934345
5.717932336 0.9851512603795308 0.16429193285378707 0.023197420856012372 -0.044125215437634986
5.758057891 0.9851531023994528 0.16428105355999956 0.023198377768670897 -0.044124092544232836
5.798051535 0.9851535943369175 0.16428285200765366 0.02319341731167688 -0.0441090182920687
5.837907145 0.9851546242374605 0.16427696883796872 0.023201005660156114 -0.04410393621112085
5.877952934 0.9851564438262516 0.16427298875475646 0.02320642267795202 -0.04407525722767503
5.917893029 0.9851532074990867 0.16428900966504295 0.023199124830785105 -0.0440917187760525
5.957874344 0.9851513384524094 0.16429762737501938 0.02320940668585727 -0.044095957021659256
5.991314104 0.9851520577333484 0.16429110759637774 0.023212000517375198 -0.044102813294464534
6.03124589 0.9851490924108759 0.16430944931008895 0.02321550460232944 -0.044098876805449966
6.071270362 0.985143931583325 0.16433399273330648 0.023220883825301103 -0.044119875920615226
6.111231221 0.9851411850141134 0.16434577249829085 0.023226049254469285 -0.04413460418942736
6.144583629 0.9851444491612396 0.16432073756724777 0.023234357378128265 -0.0441505847003076
6.177923175 0.9851450256022701 0.1643158865352662 0.023239147423866825 -0.04415325571510938
6.217964286 0.9851457707518341 0.16431402648024881 0.023254075392614454 -0.044135689065173345
6.264643983 0.9851494637197823 0.16428944034636062 0.023244548297034404 -0.044149800653819016
6.304578572 0.9851494303489823 0.16429205299891586 0.0232430200821714 -0.044141626861015186
6.337937343 0.9851466677588309 0.16430433507742356 0.023239820004257714 -0.04415924868707755
6.371288504 0.9851429035371497 0.16432923359676124 0.02324080921547759 -0.04415005529900201
6.417927184 0.9851437896206507 0.1643204857655751 0.023219941644028023 -0.04417381622269472
6.451321993 0.9851488175803913 0.16428587959104415 0.023262996717188872 -0.04416774808262429
6.491236528 0.9851538931650717 0.16425518381917922 0.023276942475166006 -0.044161355495931
6.53137158 0.9851577890023052 0.16423072667438293 0.02326322783961471 -0.04417263196342211
6.56475958 0.985156960116656 0.16423804900360653 0.02325133415898649 -0.04417015568260471
6.604550805 0.9851509889543525 0.16427914409229766 0.02324765246338984 -0.04415244538533416
6.637928032 0.9851522945527236 0.16427398930062337 0.02324703558043062 -0.044142817235474835
6.671306645 0.9851500062144374 0.16429657575997236 0.023232649721769263 -0.04411739380502113
6.71128437 0.985140787889545 0.16435174452408427 0.02324196142734404 -0.04411284775738998
6.751251226 0.9851367974807216 0.16437076311446158 0.02324911550736901 -0.044127328388679214
6.797925839 0.9851387648127572 0.1643547400406999 0.023256512586592802 -0.044139190201666
6.838002217 0.9851455402143902 0.1643175566407817 0.023238965485435272 -0.04413565065191538
6.878293012 0.9851459035721934 0.16431714954507695 0.02323911029120513 -0.044128979063430676
6.924847411 0.9851501912283056 0.16429593970734702 0.023210089427856614 -0.04412750465711521
6.964596414 0.9851532322472005 0.16427849708283776 0.023201512040642587 -0.04412906330441968
6.997990737 0.9851503578330922 0.1642994067973449 0.023213070088998228 -0.044109304737369764
7.038131207 0.9851494930659656 0.16430393183169523 0.023219334438544393 -0.04410846636132191
7.07146692 0.9851530304436523 0.16428463674850544 0.023212523051257136 -0.0441049148020343
7.111415769 0.9851587250000985 0.16425370611806805 0.02321042426897558 -0.044094022133550306
7.151420125 0.9851615325544728 0.16423412535407514 0.023198931338354697 -0.04411027577405179
7.191269299 0.98516093906331 0.16423866996598843 0.02318979275061797 -0.044111415119939844
7.224651 0.9851586013680789 0.16426062847161865 0.02317706500403125 -0.04408854434429206
7.258187904 0.9851625435654728 0.16424325331251144 0.023172294611770325 -0.044067689516874155
7.291600208 0.9851659029324035 0.16422754521753302 0.02316054663348386 -0.044057305533174246
7.33135866 0.9851633038234993 0.16424556508485974 0.023165285454197614 -0.044045756882453165
7.371506663 0.9851642747136434 0.16424245887077335 0.02316114115422767 -0.04403780276600152
7.41133481 0.9851667472950335 0.16423005978266467 0.02317494591429553 -0.04402146487539262
7.457979063 0.985171516020942 0.16420497741988618 0.02318983708065762 -0.044000464403300944
7.497921712 0.9851752199890832 0.16418483317958432 0.023185049127145092 -0.04399522667546354
7.531358127 0.9851740595876857 0.16418532577483042 0.02319966543354765 -0.044011664811768186
7.571179559 0.985171044718097 0.16420598005342169 0.0231766841660043 -0.044014203103292994
7.604759393 0.9851694444592051 0.16421219214104352 0.023168171438620946 -0.04403132394517624
7.644656948 0.9851642384152665 0.1642408204885033 0.0231733629856385 -0.0440382956171913
7.684772434 0.9851665693431962 0.16423075182334038 0.023193692969882822 -0.04401299138341867
7.724765346 0.9851600053799824 0.16426891963150353 0.02315295961107941 -0.044038918061864316
7.764860887 0.985158033419083 0.16428321102792548 0.023138288644178565 -0.04403743138306273
7.811384196 0.9851572338223833 0.1642911730267337 0.023106639505090527 -0.044042233409668896
7.851328239 0.9851629527989113 0.1642594402522758 0.023096958453534638 -0.044037747793625126
7.898252598 0.9851627025898424 0.16426041466119343 0.023105803520671358 -0.04403507062415897
7.938099535 0.9851687872785255 0.16422081875348743 0.023124767223719166 -0.04403667109287857
7.978151016 0.985173136910362 0.16419930138032865 0.023129695990723377 -0.04401700693807022
8.024618698 0.985171642353083 0.16420509746548725 0.02313320834960715 -0.04402698878111685
8.071232746 0.9851745820356842 0.16418824350215952 0.023131227696066427 -0.044025105471346894
8.104679248 0.9851746382983091 0.16419753973012668 0.023109090793187174 -0.04400079457329724
8.151294002 0.985174079835346 0.16421030086235852 0.02307141827634192 -0.04398544270541479
8.191368222 0.9851761603220026 0.1641901018449889 0.023069347361235684 -0.04401532462284993
8.224725992 0.9851754682763236 0.1641995241699941 0.023051914183387257 -0.04400479770838496
8.26456156 0.9851691580623347 0.16422930902297964 0.0230405488084535 -0.04404085797518508
8.298111534 0.985170487163124 0.16421480755004292 0.023053860316621478 -0.044058231110396
8.344751566 0.9851717901699403 0.16421034575727358 0.023062928142333017 -0.0440409757513767
8.391371177 0.9851721460524722 0.16420917503326796 0.023073715831090743 -0.04403172850350212
8.431302917 0.9851669161366594 0.1642361380801567 0.02306440247643335 -0.0440530547942502
8.471245109 0.9851619208625324 0.16427290600848143 0.02304788668320657 -0.044036314030722105
8.518032308 0.9851652692158427 0.16424607913228056 0.02306422644343947 -0.04405291453598437
8.557894326 0.9851687860076586 0.1642195126924023 0.023064773130068557 -0.044073018591023416
8.598036043 0.985169737726427 0.16421033426430104 0.023061194714181235 -0.0440878133638346
8.637902049 0.9851749167369878 0.16417813750560326 0.02306550822458169 -0.04408973721629854
8.678032504 0.9851820241571768 0.1641403694981749 0.023074398950335924 -0.044066886566346615
8.711377139 0.985184647854959 0.16413021204679576 0.023057757928483788 -0.04405477186055786
8.751351456 0.9851815580056813 0.16414853151994485 0.02306873103796083 -0.04404986962117428
8.791336508 0.9851795976563853 0.1641581257373897 0.02308786598321465 -0.044047934802115406
8.831272679 0.9851810655679314 0.1641472336568686 0.023092209433196068 -0.044053417492018944
8.871226161 0.9851853825968224 0.16412252914534586 0.023096009425032597 -0.0440469260349317
8.904591938 0.9851820638923556 0.16414245200800698 0.023081794414336016 -0.044054366414828974
8.944632922 0.9851841546277927 0.16412586860834857 0.023093657753489257 -0.04406317845368458
8.984545623 0.98518858242925 0.16409880570558424 0.02308183687874998 -0.04407116771029244
9.024570006 0.9851824383414768 0.16413685038393042 0.023097754387595103 -0.04405849829302042
9.064566264 0.9851824046720964 0.16413526809304604 0.02310160444088668 -0.044063127042763245
9.104599987 0.9851784659410763 0.1641562555161784 0.02310503097536562 -0.04407121015495463
9.144642513 0.9851820003477108 0.1641332003164868 0.023110639185720174 -0.04407513018901755
9.184581321 0.9851860369021634 0.16411008421146367 0.023099754266155494 -0.0440766866490527
9.22459669 0.9851855934889515 0.16411282064801058 0.023088783148541916 -0.044082157087601034
9.264613967 0.9851850732200796 0.16412101880290703 0.02308454434824957 -0.04406547972819561
9.304635882 0.9851868291900314 0.16411092060442012 0.023080744312533957 -0.04406582089149383
9.344562812 0.9851855156690487 0.16411049023691857 0.02308725459933373 -0.04409337121580096
9.384535827 0.9851824896399219 0.16412940719669641 0.02308827251213821 -0.04409003824620072
9.417917902 0.9851810346199428 0.1641339773152254 0.023087135052060632 -0.0441061300836095
9.451295252 0.9851789752951862 0.1641411551264146 0.023095854226577624 -0.04412084935309041
9.491308335 0.9851812871607774 0.16413491785629716 0.023083631058790768 -0.04409882249768345
9.53792191 0.9851764776409421 0.16416879061811482 0.023097891239082183 -0.044072707090437396
9.57792786 0.9851707790030646 0.16420019111032658 0.023099360229592636 -0.04408234334527435
9.617903061 0.9851761486520857 0.16416799297558324 0.023101595676572943 -0.04408108989814765
9.657904889 0.9851786934743894 0.1641529556881513 0.023125660771893635 -0.04406759440680163
9.704565126 0.9851724372685465 0.16419228675402595 0.023123381166596912 -0.0440621272779676
9.751252452 0.985170298959344 0.16420608140777723 0.02314813206566121 -0.04404553165679471
9.791288465 0.9851646567219393 0.1642434965582387 0.02313774610478755 -0.04403768487849714
9.831332198 0.985161748959346 0.16425415829817464 0.023142668338106003 -0.044060376431815255
9.871257358 0.9851632558314579 0.16423950922575128 0.02313351963080693 -0.04408608894353027
9.917952295 0.9851690309379992 0.16420376237038323 0.023136030919785562 -0.044088875891464444
9.957932726 0.9851695230641526 0.16419384230532347 0.02313134712028037 -0.04411727275076798
9.997921972 0.9851675966783613 0.16421022826323467 0.02311941139590584 -0.04410555753445317
10.037946613 0.9851674521473351 0.16421698550763322 0.023120983778624444 -0.04408279720506075
10.084551749 0.9851668850029895 0.16421911563049882 0.0231202757495962 -0.044087907688004746
10.124556374 0.9851655225847382 0.16423037834845228 0.02312412272015355 -0.04407437902327378
10.164680836 0.9851658016462898 0.16422455016291035 0.02314432343336897 -0.04407925456748024
10.211333098 0.9851615392588263 0.1642585324380402 0.023138281542272064 -0.044051061437289374
10.251355365 0.9851638810600707 0.16424837651980403 0.02312856740890457 -0.0440416579488017
10.291286534 0.9851660658051499 0.16423832370687053 0.023120402327086034 -0.044034563790210896
10.331397277 0.9851659495839684 0.1642348416643821 0.023133983342092792 -0.0440430173639505
10.371294512 0.9851632507713904 0.16425271016739518 0.02312321073463552 -0.044042407490210524
10.411258347 0.9851621254228375 0.16425659501904236 0.023137561561760903 -0.044045554487183405
10.451277073 0.9851634481992445 0.16425910590227066 0.02314445883307309 -0.044002959965045774
10.491317014 0.9851641826803186 0.1642532061577236 0.023142967316273768 -0.04400932281376733
10.538146776 0.9851609508520159 0.1642731090319537 0.023130178743586183 -0.0440141045190917
10.577930224 0.9851571382014916 0.1642874856958747 0.0231428222385714 -0.04403912888794349
10.618078481 0.9851561463455241 0.16428906593267945 0.023138988274815375 -0.04405743245154119
10.657902824 0.9851565485556111 0.1642876237590462 0.023163234169387877 -0.04404107287993819
10.697910215 0.9851571269863724 0.16428344625466176 0.023161626873759153 -0.044044562379584096
10.744620254 0.9851591292097335 0.16426654021026438 0.023168555628770956 -0.04405918669410449
10.7847789 0.9851523585277644 0.16431343556943673 0.023170454371461882 -0.044034707024934186
10.824546196 0.9851542504921325 0.16429761912051785 0.02318765984267675 -0.044042337808457344
10.864751362 0.9851550296835756 0.16428895217811648 0.023201681583331794 -0.044049854177688884
10.904529749 0.9851511161115829 0.16431193894986598 0.023190100183139734 -0.044057739344341255
10.944617785 0.9851504988576739 0.16432226465950345 0.023198857946951337 -0.044028410459675774
10.984565551 0.9851554263031486 0.16428965849668495 0.023204257292280286 -0.044036991041829045
11.024662243 0.9851505929690654 0.1643124497907451 0.02320717375953621 -0.044058541766129
11.0646816 0.9851540527989372 0.1642920464403503 0.02319247920003606 -0.04406500469563907
11.104515048 0.9851546084177718 0.16429535073660056 0.02317956685283088 -0.04404705347783638
11.138015075 0.9851538775022297 0.1643022970483882 0.02317775076652125 -0.04403844566228453
11.177878808 0.9851463788123934 0.16434932669582045 0.02314827316295545 -0.04404620956486353
11.211682642 0.9851436603794994 0.16436210946147917 0.02316392351061988 -0.04405108437993943
11.257933488 0.9851401404640806 0.16438423435491442 0.0231503391603227 -0.04405438614624278
11.291279418 0.9851360331018175 0.16440308468010484 0.02317700958068199 -0.04406186853707025
11.331536763 0.9851420322915495 0.16436428367057151 0.02318386174896186 -0.04406888948385981
11.3779405 0.9851381308132745 0.16438722773952932 0.023180281347198385 -0.04407240781378633
11.411292067 0.9851379161500105 0.16439349057642647 0.023184412518420135 -0.044051667799180044
11.444811563 0.9851405336134893 0.1643822974497649 0.023188452579499405 -0.044032771702847084
11.484622073 0.9851452215165653 0.16435583732543702 0.02319179374556115 -0.04402490162391884
11.524702485 0.9851425560074907 0.16437357351980514 0.02320003994864241 -0.04401398434291859
11.564546761 0.985139886406817 0.16439069499046605 0.02320696839564202 -0.04400613853542368
11.604619586 0.9851416827784727 0.1643774506688832 0.023223509397497136 -0.04400667194031314
11.644544711 0.9851408807504481 0.16437921656696303 0.02321298481533186 -0.04402357971617281
11.684532442 0.9851425695626819 0.16437101600894582 0.023207007308872114 -0.044019558646008844
11.724535732 0.9851521990466153 0.16431310423403434 0.023219306758990702 -0.04401377380122616
11.764544333 0.9851540991195231 0.16430694789822284 0.023219540447523543 -0.04399409962458057
11.804757826 0.9851534509844616 0.164311092463348 0.023204607502486096 -0.044001012460654264
11.844604635 0.9851513152250224 0.16432206807709043 0.023238338526193343 -0.04399004064352189
11.897917121 0.9851474059718907 0.16434795223779572 0.02323588172107215 -0.04398218847150099
11.937962313 0.9851478091519967 0.16434463051196924 0.02322593939385464 -0.04399082045357068
11.97799523 0.9851516787829966 0.16431825048075327 0.023229874323386288 -0.0440006282785559
12.01788659 0.9851538857836791 0.1643059799178107 0.023236895038828403 -0.04399332901156911
12.05127789 0.9851521158405148 0.16431172390806298 0.023264954059356763 -0.04399668116953147
12.091438184 0.985151900187425 0.16431646556168958 0.02325834740396743 -0.043987293374976304
12.131244412 0.9851574944710814 0.16428593750680603 0.023255168635323415 -0.0439777097711295
12.164625895 0.9851640009227076 0.16424610907404383 0.023246143118986498 -0.043985494996561125
12.204550831 0.9851578922188656 0.16427521520540203 0.023242604316692454 -0.04401547923945039
12.238056039 0.9851530206712371 0.16430880807279552 0.02323783809254176 -0.044001640115104455
12.284665216 0.9851516389703894 0.16431110069916616 0.023250142333209087 -0.044017511316176414
12.324632563 0.9851597081733123 0.1642640017096092 0.02324421379969349 -0.044015834185594994
12.358013416 0.9851614314172843 0.164250227139932 0.023266267446523343 -0.044017016384974884
12.404599552 0.9851608962885011 0.16424993860871243 0.02327092759397242 -0.04402760520386428
12.44460346 0.9851564486647597 0.16427939075190703 0.023266585088654392 -0.044019534830951244
12.484604846 0.9851525907669114 0.1643033431746824 0.02328564695859665 -0.04400639695072124
12.524576299 0.9851508674584372 0.1643103877840377 0.0233209899323143 -0.04399995728094467
12.57127199 0.9851445827082534 0.16433878394503962 0.023355276411795127 -0.044016432338109986
12.611255799 0.9851480893717453 0.16432116566799437 0.02335016138853676 -0.0440064368455428
12.651299124 0.9851457696909552 0.16433501854829333 0.023333103116667895 -0.04401568399666712
12.684640783 0.9851476626053435 0.1643208726436438 0.02334269919314433 -0.04402104123300594
12.724561272 0.9851499661180668 0.16430508287126447 0.023335430462449524 -0.044032280038299176
12.757948171 0.9851504363699686 0.16430001966592414 0.023318680472518356 -0.044049522118385497
12.804592647 0.9851535153665885 0.16427990644812362 0.02329570584223196 -0.04406782939470575
12.844594039 0.985158949665382 0.16424060047885325 0.023312804226017694 -0.04408380890606488
12.884627527 0.9851572825713979 0.16425126144791247 0.023330379239373086 -0.044072044584469595
12.924620826 0.9851536452308974 0.16426880831230986 0.02333883583341982 -0.04408347361392262
12.971410184 0.9851529129852594 0.1642661037693861 0.023334845053572015 -0.04411201871836201
13.011390587 0.9851528714611852 0.16426497979453478 0.02331339150044303 -0.044128472006515124
13.051309852 0.9851528173870435 0.1642601183547547 0.023301679929760757 -0.044153953672390535
13.091302207 0.9851529012273844 0.1642587663975942 0.023311341550530315 -0.04415201263727952
13.131350884 0.9851522960317416 0.1642547678410166 0.023338395049263428 -0.044166097647473576
13.171299375 0.9851531690206374 0.16425434121160426 0.023347508574921967 -0.044143389143578446
13.217952048 0.9851535713647471 0.1642562715210941 0.023345331072776702 -0.04412837647563438
13.264766142 0.9851538098024188 0.16425208619290768 0.02332990646392619 -0.044146785584477
13.304556799 0.9851500929221065 0.16426767152724778 0.023326397782410843 -0.04417358569414171
13.344647533 0.9851579637228882 0.16421866857819628 0.02335839580921032 -0.04416334168739316
13.391274966 0.985160731297983 0.16419850649005596 0.023340617911525655 -0.04418596530989155
13.431282827 0.9851569105482751 0.16421953515034382 0.0233287826865211 -0.04419925081206631
13.471475589 0.9851563219789405 0.16421876353675727 0.023302139238421147 -0.04422928073457708
13.511261181 0.9851559349991696 0.1642186341606395 0.023309484059804805 -0.044234510093269994
13.551256841 0.9851606283192045 0.1641983640362495 0.023304914963853132 -0.044207630518465615
13.597933285 0.9851602943127377 0.16419450910148012 0.023328769800958358 -0.04421680890948515
13.637942592 0.9851607297700047 0.16418759516337586 0.023327709339553474 -0.044233336867894234
13.671324576 0.9851561540744166 0.16420879377767203 0.023328796273299215 -0.04425597586569933
13.711207158 0.9851582897466968 0.1641889507025482 0.02332028509495435 -0.044286531966838176
13.744569056 0.9851576463582222 0.16419332561394573 0.023329823714933747 -0.04427959994388863
13.784656954 0.9851570685460763 0.16419451579201721 0.02332556002273079 -0.044290287052046615
13.831328856 0.9851581600852772 0.16418239699814388 0.023341880137314502 -0.04430233362917169
13.871312817 0.9851577823599701 0.16418434982825658 0.023338186953594457 -0.04430544161587417
13.911368017 0.9851568062587982 0.1641809680548176 0.023338971794684072 -0.04433925130304644
13.951298514 0.9851558952019244 0.16418672749596674 0.0233470965410901 -0.044333889364245274
13.991302844 0.9851586305578455 0.1641717518703984 0.02333349729041257 -0.044335724076564054
14.031323166 0.9851635915314512 0.16414068788792166 0.02332245543154924 -0.04434631408781977
14.077942256 0.9851591806480388 0.16416940008786815 0.02331868007017818 -0.04434000473003114
14.117919553 0.985155583644124 0.16418706018254978 0.02330666547618933 -0.04436084566144053
14.157939096 0.9851552720845993 0.164185810188691 0.023293435807397213 -0.04437933601226045
14.204643495 0.9851630174685668 0.16414025543522856 0.02328077044713616 -0.04438255609216166
14.244584055 0.985155601275056 0.1641820175455378 0.023308188653818805 -0.044378313766271285
14.28453167 0.9851515349968999 0.1642038053130686 0.023300889545188615 -0.04439180059833939
14.324565194 0.9851513400626192 0.16420537048161835 0.023305540041118643 -0.04438789566100203
14.36459039 0.985152987805672 0.16419347428156444 0.023313362148504428 -0.04439122397771452
14.404564979 0.9851560491016365 0.16417923350772307 0.02329695469549997 -0.04438457057566933
14.437981817 0.9851598684842198 0.16415835813199078 0.023302765541159 -0.04437395747167188
14.477933302 0.9851625805248914 0.16413809007800761 0.02330947970946664 -0.044385194319221236
14.511304367 0.985161918206536 0.16413916565699718 0.02331734707144326 -0.044391784584462114
14.544683418 0.9851632929446326 0.16413076190246065 0.023314085766144285 -0.04439406082681478
14.584583017 0.9851659481795396 0.1641206266126533 0.023291633765748616 -0.04438439212494457
14.618147117 0.9851653896045126 0.16412549177741437 0.0232999064976172 -0.04437445697034868
14.658060654 0.9851631456842097 0.16414115382655176 0.023287024579882853 -0.04437310550656888
14.697934639 0.9851582756327599 0.1641747652517149 0.02327009854074817 -0.04436576293421776
14.731277436 0.9851530633315657 0.164209964097184 0.023290157033843725 -0.04434070460618085
14.771272044 0.9851525130819833 0.1642173457095839 0.023305337229636333 -0.0443176104157816
14.811324508 0.9851537541357019 0.164214466381322 0.023314976205734382 -0.04429561635147034
14.85134261 0.9851539739729596 0.16421492213133462 0.023296325448069703 -0.04429885027066331
14.891303067 0.9851593097759167 0.16418409830743536 0.023314876384354335 -0.044284678659734594
14.924654896 0.9851532169015124 0.16422581283615667 0.02330505906565631 -0.04427071095941148
14.964597454 0.9851549711816683 0.16421422339148084 0.02330429767596616 -0.044275064108469694
15.004632111 0.9851529609977225 0.16423178598085478 0.023295197350415894 -0.044259436184430366
15.044555378 0.9851545605192699 0.16422050766546645 0.023298399558609788 -0.04426399584524795
15.084574759 0.9851536941422455 0.1642204009940361 0.023291123712576484 -0.044287496784651305
15.124560573 0.9851538665227879 0.16421757386822897 0.0232864890148862 -0.044296581554263297
15.164617187 0.985155833179689 0.16420620100128588 0.02327393992866666 -0.04430159844695145
15.19796904 0.9851558305010616 0.16420974403977626 0.02325939928132258 -0.04429616165342999
15.231317452 0.9851523086872924 0.16423367978275036 0.023248692193461526 -0.044291369637982546
15.271285072 0.9851543273041172 0.1642226053615794 0.023249385902916697 -0.04428716899243661
15.311564693 0.9851548164780681 0.16422031025943984 0.02324216561103555 -0.04428858776329003
15.357984302 0.9851526640175872 0.16423346983931167 0.02323562961996135 -0.04429109932881318
15.397942491 0.9851522528188787 0.16423580149042835 0.023278459284780628 -0.044269104441036156
15.431408291 0.9851537490243861 0.1642270077859427 0.023295890796080212 -0.044259260826292474
15.477922513 0.985152883382784 0.16423186669717846 0.023301023001108718 -0.044257797627640136
15.51797531 0.9851536057647837 0.16423260605698528 0.023278437206701 -0.04425085894748281
15.557951118 0.9851550534299747 0.16422593607553182 0.023278768256089252 -0.044243209309210975
15.597935638 0.9851558324583062 0.16422438284099425 0.023299782577766978 -0.04422056066701473
15.637974135 0.9851603222261253 0.16420524644467488 0.023299902862043413 -0.04419152721936613
15.671416114 0.9851570243679347 0.16422387004825317 0.023304117123557674 -0.044193619109352926
15.71134211 0.9851536163136915 0.16424378929405595 0.023306876708315997 -0.04419411092543011
15.75130871 0.9851521344566285 0.16425483704247487 0.023288502415290277 -0.04419577060027481
15.791360688 0.9851482294582063 0.1642836186767423 0.023269244458034 -0.04418598072000274
15.831325184 0.9851479337397846 0.16428884032633212 0.023244803783528202 -0.04418602368993288
15.877971163 0.9851463892201109 0.1642952678446572 0.023267073045043184 -0.04418483996063388
15.917937382 0.9851475638864776 0.1642864756149424 0.023255317767912984 -0.044197528144377475
15.957941357 0.9851452327264622 0.16429531438602807 0.023250447593201575 -0.04421919033447789
15.997978329 0.9851363404688217 0.16435441500799108 0.02325121873680631 -0.04419725989619655
16.031390374 0.9851368963028622 0.16434806707523034 0.02325898929033255 -0.04420438675733045
16.07123278 0.9851409493321689 0.16432914876754331 0.023266603904193182 -0.044180379774434966
16.104705307 0.9851427940130351 0.16432311607822866 0.02324834897788352 -0.04417129380417262
16.144659156 0.9851399253205186 0.16434121672210902 0.023243805306834796 -0.04417032420797638
16.184616146 0.9851426659425399 0.16432627536272865 0.02323218833660089 -0.04417089981119917
16.22457736 0.9851458892502016 0.16431186294779065 0.023221742718114547 -0.044158116504099156
16.264550948 0.9851421831277763 0.16434096498222106 0.023218664494439992 -0.04413411231741062
16.297943646 0.985144400081584 0.16432275579955596 0.02322580375623322 -0.04414866877055858
16.331313429 0.9851428841933796 0.16433597432333236 0.023234581950610227 -0.04412866945570585
16.37136417 0.9851386556050212 0.16435041947846182 0.023241909885728898 -0.04416539906814778
16.41125955 0.9851358824803212 0.16436600107706964 0.02323831864704673 -0.0441711589853584
16.451382802 0.9851345485791448 0.1643717753751938 0.023241932969429644 -0.044177519256018226
16.491289291 0.9851314121515131 0.16439575696521458 0.023199762951978307 -0.044180390255992116
16.524750173 0.9851267069673171 0.1644328397434695 0.023184349023880686 -0.04415538918373562
16.5581226 0.985127071764821 0.16442847877091096 0.023192713545050644 -0.04415909740439292
16.597961099 0.9851276102713581 0.16442106468524076 0.02318234359595449 -0.04418013031006596
16.637959912 0.9851268600819528 0.16443009919669793 0.02318217723085581 -0.04416331828648889
16.677975501 0.9851317216625113 0.16438977360166185 0.023205547218425757 -0.04419271306159141
16.717939631 0.9851332029523758 0.16438218362797713 0.02319308960523284 -0.04419446504999125
16.757975243 0.9851342509014959 0.1643769313660665 0.023191605436435014 -0.04419141967288346
16.798075075 0.9851305917791411 0.16440080610580893 0.02319090806963676 -0.04418454340088898
16.838030334 0.9851285077039194 0.16440362854260906 0.0231937532388877 -0.04421900091325558
16.884608587 0.9851297366334673 0.16440165908542487 0.02317596273466073 -0.04420827119167883
16.924607203 0.9851344542784142 0.16438148017379772 0.023178775373131337 -0.04417669455317613
16.964614162 0.9851366057481772 0.16437138864357143 0.023171421791429735 -0.04417012364153271
17.011264054 0.9851360110547557 0.16436990641379304 0.02317653281050042 -0.04418621861541213
17.051283568 0.9851348415526229 0.16437500579304573 0.02318440372001435 -0.04418919385746033
17.091297845 0.9851350511080678 0.16436790312009458 0.02318470475561101 -0.04421077886220879
17.13129141 0.9851331410253825 0.16438078792349253 0.023186079444787656 -0.04420471394654353
17.171329814 0.9851397710936137 0.1643388125613816 0.023213349930670698 -0.0441987158244873
17.211337743 0.9851406180315327 0.16433092448881592 0.023212577468440625 -0.04420957145655925
17.25801078 0.9851350309999698 0.16435455051147813 0.02321566943343352 -0.04424460549734904
17.297989196 0.9851359559079681 0.16434715574509007 0.023220659468017223 -0.04424886156347441
17.344637903 0.9851367978656295 0.16433902967056532 0.02320787424070796 -0.04426700115456777
17.378100467 0.9851378934695678 0.16432908135696309 0.023210776117976274 -0.04427802776457168
17.424609562 0.985135514343193 0.1643353370746548 0.023230940246367956 -0.0442971645097304
17.471297455 0.9851370282247913 0.16432103273621135 0.023255893875777492 -0.04430346736961166
17.511320364 0.9851371700612856 0.1643133790294948 0.023262954530198447 -0.04432498823549842
17.551326907 0.9851396776798098 0.16430303676263638 0.023247356650294745 -0.04431577574938994
17.591359219 0.9851402291606683 0.1642978544046581 0.023232298342217378 -0.04433062418949214
17.631281144 0.9851463720493123 0.16425682183441442 0.02325291505199134 -0.044335359032268644
17.67139045 0.9851432607735597 0.1642730633652 0.023242251386750817 -0.044349905924662654
17.711331987 0.9851466700432904 0.16425071841852407 0.02325841998994135 -0.04434845996409051
17.751500236 0.9851425758391829 0.1642694025260414 0.02326007654399616 -0.04436933064454189
17.798033916 0.9851359852986098 0.16430678739746293 0.023282619358540448 -0.04436541130957317
17.838006624 0.9851383656130219 0.16429000369378527 0.023282876355048138 -0.044374575516119244
17.877988005 0.9851410639192094 0.16426998518485664 0.023291054876131572 -0.04438448952339481
17.917986365 0.9851442959725303 0.16425028215992135 0.023274944858719726 -0.044394119711934445
17.957981251 0.9851482434027317 0.16422503939271518 0.023274841668662265 -0.04439996286340919
17.99132401 0.9851495841103368 0.16420999426372257 0.023267342021513385 -0.04442978175044979
18.031567669 0.9851525713612699 0.1641894377251279 0.02328085934503811 -0.04443243486397174
18.071207986 0.9851534359362378 0.1641825009462799 0.023278244165249803 -0.0444402677155827
18.111256138 0.9851528088771255 0.16418062323310167 0.023289857478832908 -0.04445501833219624
18.151260484 0.985145422733238 0.16422568183426026 0.02327059012969621 -0.0444623563122534
18.19130682 0.9851455134861093 0.16422371203465053 0.023272527029719707 -0.04446660712715825
18.231291277 0.9851408947831612 0.16425030398318125 0.02326524010153546 -0.0444745283312013
18.271329211 0.985140803920291 0.16425380386781457 0.02325472690703858 -0.0444691133565257
18.317981995 0.9851401854966875 0.16426546484070398 0.023229233775985538 -0.04445306151886976
18.35795459 0.9851434272822738 0.16424495563280406 0.0232096305532858 -0.04446723829173286
18.39813625 0.9851450820576884 0.16423677787407248 0.023225666798249292 -0.04445240705372285
18.444674366 0.9851470881377727 0.16423179884107392 0.02323077208753442 -0.04442366724292014
18.484681122 0.9851551618637072 0.1641757392501104 0.023247306667933985 -0.04444318201546465
18.524617072 0.9851493579846994 0.1642095030877205 0.02325707936874111 -0.04444198259815606
18.564597804 0.9851546788769836 0.16417823912779855 0.0232518357173019 -0.04444228413862521
18.604608132 0.9851595966507497 0.16414949995787284 0.02324045495628146 -0.044445382706615646
18.651335549 0.9851572454411617 0.16416134039244434 0.023238985401155713 -0.044454534446598255
18.691282028 0.9851590907818193 0.1641525641746721 0.02322885991274304 -0.04445133959706503
18.731303731 0.985159509615193 0.1641498850763392 0.023237812123180178 -0.044447271366249395
18.764717188 0.9851616327322207 0.16413879802213152 0.023223362663743894 -0.044448709799311543
18.804588334 0.9851572505841296 0.16416635680526845 0.023226193609432115 -0.04444257919181679
18.837956871 0.9851563233930173 0.16417204597156415 0.02319291380488799 -0.04445949335634193
18.884603408 0.9851574643638381 0.16416751421037137 0.023184604275039943 -0.044455278773282376
18.924609658 0.9851601441060995 0.1641522155331758 0.02317414556547997 -0.04445784045260179
18.964590587 0.9851614498899195 0.1641496360365626 0.023186790730091746 -0.04443182840593993
19.004749222 0.9851648003184504 0.16413183125485264 0.023173375499102172 -0.04443031454327001
19.044596812 0.9851643245599748 0.16413228003605748 0.02317863289180221 -0.04443646297491283
19.084642885 0.9851629875764296 0.16413709326321185 0.023176873137922025 -0.04444924156986117
19.124644634 0.9851676789143756 0.16410415759871386 0.02318949433670134 -0.04446028827713972
19.171276848 0.9851660035281742 0.1641140933629599 0.023205832870762194 -0.04445221223689147
19.211438906 0.9851718936501177 0.16407991905025088 0.023205538525735606 -0.044447982046825825
19.251268469 0.9851768529385501 0.164056927649389 0.023183083591278256 -0.04443464368640181
19.284782141 0.9851706239504626 0.16409986050194747 0.023162288915284462 -0.04442505892514375
19.324669127 0.9851704482183719 0.16410181415624628 0.02314770252090077 -0.044429341834481884
19.364704323 0.9851707779637446 0.16410642290752483 0.02313805232585325 -0.04441002973848316
19.404832321 0.9851734371269882 0.16408244361079732 0.02313351563345191 -0.0444419951458353
19.444563141 0.9851749500115475 0.16407466965166523 0.023118535920572312 -0.044444954104275736
19.484600614 0.9851709494898387 0.16409746743152154 0.02312017711291106 -0.044448609360901954
19.524603187 0.9851723065199427 0.1640850166465793 0.023123988126302994 -0.04446251175319012
19.564591791 0.9851732663902059 0.16408109649511726 0.02310225643787732 -0.04446700698822726
19.604573407 0.9851736964512693 0.16408184218288513 0.023088579158125212 -0.04446183080882346
19.644588694 0.9851743926763508 0.16408044522821183 0.023081816303879326 -0.04445507017887964
19.684598663 0.9851765117949578 0.1640680973366 0.023066046412979165 -0.04446186620849285
19.724600831 0.9851800477941957 0.16404738386072537 0.023053880469563057 -0.04446625543008227
19.758053861 0.9851835169184718 0.16402577854821432 0.023072245958878454 -0.04445957073810352
19.797922728 0.9851857774087014 0.16401377656133986 0.023069686904594325 -0.044455085601354416
19.831403428 0.9851837410155517 0.16403002371347722 0.023065832826857043 -0.044442267214465134
19.86483491 0.985181735428746 0.16404162231209665 0.0230483782405131 -0.04445297051156603
19.904806177 0.9851822817018565 0.1640433218470551 0.023030350174092915 -0.04444393489516915
19.944857823 0.9851834804480422 0.1640423863374232 0.023029112804423164 -0.04442145090434388
19.984719543 0.9851797976633903 0.16406258861140552 0.023037640394122476 -0.0444240972797114
20.024709557 0.9851737054100077 0.16409945377406238 0.023034613710018564 -0.044424610420350084
20.064830147 0.9851772331849462 0.1640809827937885 0.023020148232864288 -0.04442210119766586
20.111250631 0.9851734772812158 0.16410182372595225 0.02301863852068792 -0.04442919526739221
20.151492293 0.9851644456708248 0.1641463956744439 0.02304134895303211 -0.044453031523282484
20.19143973 0.9851624286259567 0.16415076365202538 0.02304900952149622 -0.044477625569961515
20.23138198 0.9851562746027727 0.16418585351549078 0.023051380548025246 -0.04448318750951059
20.271437283 0.9851567856445651 0.1641796275468071 0.023048453137431268 -0.04449636395293128
20.311294292 0.9851582603723655 0.16416502198471175 0.023056720685010666 -0.04451331495302408
20.35129295 0.9851595805832198 0.16415064598066698 0.02311063099668053 -0.04450915573406735
20.397971849 0.9851629011694691 0.1641268220946547 0.023127967473749476 -0.04451450942106046
20.437975475 0.9851575348015424 0.16415735353303346 0.023112844718687808 -0.044528544932304834
20.484605293 0.9851588611955489 0.1641509291073744 0.023126597205665334 -0.04451574084256036
20.524613871 0.9851575775478745 0.16416043581927492 0.023145668701618962 -0.04449917675625329
20.558093513 0.9851563027236292 0.16415902141865055 0.023142600957667767 -0.04453419934942483
20.598012407 0.9851612809765022 0.16413665804494446 0.02313976618769734 -0.044507967504179735
20.631353009 0.985158469760016 0.16415161436634984 0.02314886242433793 -0.044510303632802214
20.671480397 0.9851563606261861 0.16416446720154118 0.023141305579639757 -0.044513512580698196
20.711337592 0.9851580157908951 0.16414316499836173 0.02316593331516154 -0.044542618253808314
20.751485613 0.9851599344575387 0.16412903386735048 0.023186831781741083 -0.044541380909368315
20.797998575 0.9851522727806513 0.1641706794136306 0.023190696602051673 -0.044555348131238286
20.838297442 0.9851544761174652 0.16416061967762666 0.02319253940280132 -0.04454273508474463
20.87798001 0.9851519265346791 0.1641696333785322 0.023198345883986074 -0.04456287546394951
20.91801611 0.9851522666360363 0.16416972610529612 0.023191713419378514 -0.044558467220783604
20.951359069 0.9851579014451807 0.16413776694802756 0.023171713262950564 -0.04456202852095365
20.991462995 0.9851565345620775 0.16414777588082094 0.023153590219939086 -0.044564799370637856
21.031320286 0.9851513113348086 0.16418944102285035 0.02305767046000316 -0.04457650799321234
21.064735839 0.9851445862403442 0.16423252707112268 0.023056333857059776 -0.04456710358825159
21.104696907 0.9851544753260223 0.16418889753154078 0.023065636437290864 -0.044504405267677044
21.138116855 0.985151687639101 0.16421084160524937 0.022982822459225043 -0.044527987973124065
21.184910561 0.9851420166836324 0.16427937580062216 0.02295550969343646 -0.044503238374058424
21.224714443 0.9851396739702378 0.16429714894128172 0.022958823717109063 -0.044487773973380884
21.264930388 0.9851389594323001 0.1643001268413113 0.02292608432182101 -0.04450947748786595
21.304777824 0.9851398512691244 0.1643069459416033 0.02289447412853731 -0.04448082745597615
21.338218644 0.9851373066179422 0.16432037175420278 0.022904526285551112 -0.044482414634794853
21.378095516 0.9851318260488838 0.16434805734296076 0.022911767268420126 -0.04449777830211581
21.418004962 0.9851380555092611 0.1643156675135544 0.022892456091207512 -0.04448941954127298
21.457940268 0.9851356928580901 0.16432774607031975 0.022913982582461783 -0.04448604197576945
21.491398732 0.9851376220432412 0.16431181386666296 0.02293384155139963 -0.04449193601688647
21.53137017 0.9851351309699032 0.16432735016511663 0.022929889192785772 -0.044491750900918864
21.571421274 0.9851390413212293 0.16430417727453886 0.02294369242866049 -0.04448363263679418
21.611397262 0.9851383080945203 0.16431422173335972 0.022927887562525142 -0.04447091670683781
21.651340184 0.9851362267773462 0.16432960916156475 0.022970708985990046 -0.0444380554522965
21.684791599 0.9851323033169461 0.1643478630740409 0.022975271902672664 -0.04445516556535685
21.73128257 0.9851308662162095 0.16435164130946633 0.02301931999722301 -0.04445025684797461
21.777987454 0.9851274475294662 0.164369690484777 0.023004395565536136 -0.04446700753010037
21.817973366 0.9851235898551172 0.1644013948651199 0.02296789757405235 -0.04445413094862658
21.858007154 0.9851247804028032 0.16438921555112085 0.02298516751179854 -0.044463860845304355
21.898029818 0.9851312814286359 0.1643475069695622 0.022974314865384506 -0.044479615107705275
21.937975555 0.9851358484795297 0.16431522584778824 0.022989657436825746 -0.044489799348219665
21.97141056 0.9851356120260036 0.16431141661257379 0.023003119435291697 -0.04450214360192435
22.011332618 0.9851352068607374 0.16430714318614603 0.023024728776199925 -0.04451571370024401
22.044701479 0.9851392979655573 0.16427975756077556 0.023022736770896387 -0.04452727760911974
22.084755198 0.9851409642078972 0.16426661091396777 0.023035216639579085 -0.04453245976522729
22.124574764 0.9851428844579149 0.16424936718962702 0.023051487287911065 -0.04454516262807583
22.15798641 0.9851473263904231 0.16422453360320877 0.023045569620443733 -0.04454154902424321
22.19153957 0.9851496529163061 0.16421306978430183 0.023067236582399037 -0.04452113730970222
22.231467657 0.9851516058933503 0.16419812318809066 0.023067275961403247 -0.04453302737275125
22.271403196 0.9851522080790995 0.1642005665595628 0.023085024954661144 -0.044501488528319436
22.311395021 0.9851507128354725 0.16420731417493964 0.023084488748287228 -0.04450996911303446
22.351384455 0.9851520962149609 0.16419419933692334 0.023127937803073675 -0.044505176332112574
22.3914109 0.9851521072610607 0.16419559025006436 0.023115651357840977 -0.0445061834336236
22.431280417 0.985152015736568 0.1641863142854094 0.023125446119027716 -0.0445373307838002
22.464746952 0.9851549300066821 0.16416258856560387 0.023157269115513204 -0.0445437906568512
22.504641747 0.9851581345877677 0.16415541806698192 0.023138861834898952 -0.04450889403018003
22.544586537 0.9851633471868854 0.16412098912879214 0.023148214723139406 -0.04451562020292263
22.577956338 0.9851640765265449 0.16410527863583238 0.02315422188402806 -0.04455425742172103
22.611298308 0.985161251898798 0.16411957641857414 0.02313498098437617 -0.04457404007080356
22.644737293 0.9851584347544287 0.164135658453474 0.023160468866673573 -0.04456385012680676
22.691257112 0.9851533186511172 0.16416430288372008 0.023172359107228153 -0.04456525757581156
22.724602002 0.985153687201169 0.1641561100569862 0.023161116093940608 -0.0445931253242346
22.764655178 0.9851636979440439 0.16409511177502858 0.02318554111177109 -0.044583777633933515
22.804700363 0.9851579897406932 0.16412006118138253 0.02319628725957179 -0.04461247611674482
22.838090925 0.9851548616097479 0.16414006373922593 0.023195582121470115 -0.04460832985449665
22.871503796 0.9851580022778463 0.16411522129060463 0.023192978609673627 -0.04463172001917949
22.918098853 0.9851557868716233 0.16413031858830096 0.023201589837609546 -0.044620626872142966
22.958179284 0.9851606913325425 0.16410517144985565 0.023206591956551368 -0.04460223140564623
22.998037434 0.9851565340522117 0.1641299257154064 0.02321930128345195 -0.04459635575691182
23.038151684 0.9851599705496531 0.16410521777158796 0.02323647247746812 -0.04460242452547046
23.071518741 0.9851614051019968 0.16409997557531744 0.02322739203029915 -0.04459475499551813
23.111294621 0.9851607182188256 0.16410159724568413 0.023240317387638623 -0.04459722757868559
23.157904924 0.98516154866141 0.1640946160710134 0.023247388237856995 -0.0446008851445509
23.191356941 0.9851619932995822 0.1640866713465563 0.023252283605351566 -0.04461773808181674
23.23127292 0.985161918194706 0.16408560104072967 0.02322976920068636 -0.044635056770581785
23.271329071 0.9851634990186177 0.16407988638095336 0.023216747562725733 -0.044627947736999615
23.311409563 0.9851625642702786 0.16408924349160278 0.023205147851280958 -0.0446202111600004
23.351447443 0.9851652557675326 0.16407048713483868 0.023227877439013132 -0.044617931255350546
23.391257325 0.985168559742498 0.16404837559163943 0.02323399758927568 -0.04462309622447189
23.424783906 0.9851674719703613 0.1640542045059824 0.023221390467379633 -0.044632243728033524
23.471326464 0.9851699383293717 0.1640414319107412 0.02320470249143842 -0.044633429299793304
23.511346211 0.9851712892764508 0.16403412969219539 0.02321174526607421 -0.04462678526628106
23.544895929 0.9851709307711605 0.16403957635334152 0.023193578609907037 -0.04462412424426568
23.591490251 0.9851696285958776 0.16404099642255238 0.02321197221677392 -0.04463808610104563
23.631606891 0.985170461455673 0.16403170689858712 0.02322419123163573 -0.044647485357956186
23.671356837 0.9851705493087799 0.16403236863528206 0.023229818288130206 -0.044640187688186235
23.718050692 0.9851695237114537 0.16403981685177216 0.023226206244019686 -0.044637331695507494
23.764727869 0.9851720597126898 0.1640345018946525 0.023218058892264606 -0.04460511955936148
23.804791264 0.9851744836565488 0.164017127801104 0.023220599077675694 -0.044614149307172446
23.844782938 0.9851750150636773 0.16401685385811116 0.023192488098845568 -0.04461804388983422
23.891345302 0.9851747719063698 0.16400914944599768 0.02319714467305385 -0.04464930208021475
23.931372722 0.9851748115997677 0.1640055874316801 0.02320455093274753 -0.04465766111834865
23.971606861 0.9851769460951013 0.16399421443755016 0.023210929642840366 -0.044649023044808125
24.018007847 0.9851781422196647 0.16398266915026413 0.023240546926728594 -0.04464962810048575
24.064684144 0.9851776904204579 0.16397316651771696 0.023235279041815653 -0.04469721208100849
24.098133036 0.9851742255889587 0.1639906034194999 0.023222085196628564 -0.044716462118828314
24.131577899 0.9851754652282401 0.1639847434436481 0.02320365084237158 -0.04472021039337031
24.184660194 0.9851716020417502 0.16399733830305585 0.023215707436744122 -0.04475286011213124
24.231449565 0.9851794265473872 0.1639538090906171 0.023217529506439554 -0.044739158642694885
24.271425501 0.9851781324765507 0.16396601385457457 0.023208430277612543 -0.04472764642485169
24.311249104 0.9851789371955955 0.16395678637456665 0.023213767567056714 -0.04474097566241108
24.344632444 0.9851766486586617 0.16396566770845525 0.023222841788173437 -0.04475411008935034
24.384628022 0.9851752015304893 0.16396849200475255 0.023250748191384965 -0.044761128533450496
24.424612759 0.985172313674884 0.16398577713763127 0.023250468259011316 -0.04476151238262378
24.464601693 0.9851684523510889 0.16400531267287405 0.02324056570461278 -0.044780062672608784
24.49829518 0.9851659237989933 0.1640287569971527 0.023218946542275253 -0.04476103198891155
24.538035496 0.9851620399455414 0.16405450037794472 0.02322287266350063 -0.044750130070620245
24.57796858 0.9851590839442219 0.16407623994096626 0.023215383458357875 -0.04473938734378644
24.611494505 0.985165935868904 0.16403527269232693 0.02322036836235272 -0.044736144328911334
24.651282377 0.9851671479568731 0.164036098831116 0.023201449172234913 -0.04471623444675396
24.691338409 0.9851626194706186 0.1640654926663047 0.02319004644758465 -0.04471408122404936
24.738132249 0.9851559975022391 0.16410497972382213 0.0231768573080335 -0.04472191297938083
24.777984853 0.9851520916221018 0.1641269321858776 0.023162277914091495 -0.04473494591122984
24.817971662 0.9851537097576003 0.16411373211627156 0.023158462240668636 -0.04474971182425774
24.858134636 0.9851571751351758 0.16409999322830232 0.023125063742035594 -0.04474107653017335
24.904721058 0.9851587263067592 0.16408703840687666 0.023128314702721583 -0.04475275262501956
24.944682628 0.9851628557727431 0.16406584417730355 0.023107875465107394 -0.04475011141406833
24.984573728 0.9851614282227139 0.16407661521282596 0.023091970176347548 -0.04475025805355097
25.018182093 0.9851607184599611 0.1640824387319608 0.023082632234576107 -0.04474934851312254
25.06478192 0.9851629773964674 0.16406440683631332 0.02310285607542814 -0.0447552948592031
25.10469539 0.9851563369295024 0.16410936939210674 0.023093997882376142 -0.04474118848643423
25.14459821 0.9851515512903836 0.16413271032690263 0.02309102817265298 -0.04476247098659473
25.184641428 0.9851475899031827 0.16416239451231218 0.023104291982107214 -0.04473394715358973
25.218157529 0.9851451618122053 0.16417756851165197 0.02311882142808522 -0.04472422443577814
25.257948866 0.9851462436175491 0.16417704177058923 0.02311052675869702 -0.044706612426198805
25.291350692 0.985147077652673 0.16417312789691618 0.023104390436773512 -0.044705778278498386
25.331411953 0.9851429021832256 0.16419784200106297 0.023108309241210486 -0.044704999767565944
25.371471644 0.9851436414216658 0.1641944732839781 0.023096428747079404 -0.04470722188403794
25.41169303 0.9851392292735666 0.16421685384863993 0.023104355210295496 -0.04471814652525538
25.451558075 0.9851326471186902 0.1642637994720974 0.023090297027522626 -0.04469798594001405
25.49792688 0.9851323924258575 0.1642687592057029 0.023087523626592905 -0.04468680336650677
25.5315552 0.9851322901220105 0.16426603232404274 0.02308389646652409 -0.044700954211319394
25.571335599 0.9851347336868121 0.16424436237283446 0.023098785070322533 -0.0447190344353489
25.618053643 0.9851379460141807 0.16422316699398015 0.023093428696909474 -0.044728875421247025
25.658116721 0.9851336030842656 0.1642460644377347 0.023103976169937045 -0.04473500504154586
25.70468439 0.9851294473860346 0.16426635935260459 0.02309854465439775 -0.04475480211972683
25.744637005 0.9851301055925101 0.1642579366853274 0.023119338469875992 -0.04476049016581653
25.777995563 0.9851257298399042 0.16428213809546235 0.02311905339457875 -0.044768123484441286
25.818080185 0.9851235488707877 0.16429835291695816 0.02312129757332161 -0.04475544980810083
25.85813322 0.9851225025468121 0.16429631507358344 0.02315753165838591 -0.044767226367500336
25.904636332 0.9851199017157579 0.1643168370362942 0.023145846335817934 -0.04475517967031466
25.944763911 0.985119711124162 0.1643135118497732 0.02313614268414729 -0.04477659522497209
25.991249571 0.9851242340120726 0.1642903389893082 0.023156407956210608 -0.04475163513740162
26.031389834 0.9851190260950224 0.1643260406553186 0.02314036930868323 -0.04474349222399661
26.071385233 0.9851228448272501 0.16431020937516413 0.023145485356581008 -0.0447148991071632
26.111288892 0.9851153619116095 0.1643515575141156 0.023165206507595903 -0.04471758575665068
26.144810849 0.9851164429165089 0.1643416292760558 0.023147603006256207 -0.044739370329508296
26.191262839 0.9851111825663269 0.1643858099583909 0.02312473069399509 -0.044704701066297085
26.231365568 0.9851080429979885 0.16440931803337477 0.023111937871651323 -0.044694049853315904
26.271286238 0.9851060222908343 0.16442432885903235 0.023091247073036968 -0.044694062628040834
26.311348977 0.9851033238028644 0.1644407101363625 0.023093256158606596 -0.0446922342514974
26.344834472 0.9851056991185558 0.16443098727108363 0.023097895793903644 -0.04467324925603917
26.384627036 0.985105135428557 0.16443737084109653 0.023090504173091036 -0.044666003181217453
26.417986199 0.9851059721052712 0.16443905448547302 0.02307256801193454 -0.04465061800005889
26.464637855 0.9851098244658576 0.1644189160563617 0.023096739208632987 -0.04462728337717665
26.498052065 0.9851106599285057 0.16442087054581067 0.023101415421567864 -0.04459921108833771
26.537936389 0.9851079567181131 0.16443550734538742 0.02311567031132847 -0.04459757079468912
26.578093628 0.9851086775882774 0.16443028007658791 0.023099473829510067 -0.044609311169422364
26.611455259 0.9851151242411925 0.164390038929699 0.023096649597548112 -0.044616721857618426
26.651520899 0.9851159598683334 0.16438777338998056 0.023082504299302368 -0.04461393916534776
26.691583603 0.9851146612789191 0.164406212230541 0.023070322063586952 -0.04458095729354795
26.731451107 0.9851202500069168 0.16436622773030102 0.023096159003225845 -0.04459151990365942
26.777977515 0.9851208658596584 0.1643635721785579 0.023089291914569238 -0.04459125909306577
26.811314104 0.9851164006691937 0.16438995004790197 0.02309410670364176 -0.044590174830131474
26.851334399 0.9851134267242482 0.1644088141231674 0.023099603124595722 -0.04458347969494308
26.891279731 0.9851100160046183 0.16442941212210396 0.023098066791913802 -0.044583675342398134
26.931437889 0.9851065719099039 0.16444766236424904 0.023100344890562303 -0.0445912815333715
26.97134237 0.9851090264498783 0.16442393669252228 0.023124277937545543 -0.04461213757906609
27.011413581 0.9851088983576403 0.16443031061595917 0.02310227335307432 -0.04460287315022822
27.064668113 0.985105047749381 0.16446004488945337 0.02310017623013809 -0.04457937181909673
27.098059672 0.9851072608974719 0.16444563673063542 0.02308762001692935 -0.04459012098313044
27.138005747 0.9851110321488652 0.1644223230770014 0.023099501045238318 -0.044586624272539864
27.177991374 0.9851119941543914 0.16441295635547845 0.023093514828309063 -0.04460300806542676
27.211360127 0.9851110734807751 0.16441938772364237 0.023088878638207667 -0.04460203503616783
27.258012832 0.985110263964357 0.16442774303619828 0.023102837689133 -0.04458188020717157
27.291442956 0.9851148784011637 0.16440295865078702 0.023091557901994464 -0.044577163359582596
27.331408174 0.9851165345943922 0.16439201521780078 0.02309573278187735 -0.044578758715716656
27.371515392 0.9851233290611985 0.16435532618206805 0.023073202148645524 -0.044575560990025256
27.411666199 0.985123604524998 0.16434993374614307 0.023089364798897657 -0.04458098606465644
27.451359094 0.9851201849450899 0.16436347447962096 0.023116820082838434 -0.04459239957657233
27.484987181 0.9851184557005038 0.16437526139221667 0.023113793924493236 -0.04458872291186334
27.531461756 0.9851203057205407 0.16436515663497092 0.023100834690056166 -0.04459181514642457
27.571507283 0.9851218808733864 0.16435060285454917 0.023122611643690973 -0.04459937215480813
27.611344798 0.9851248707967215 0.16433629330048521 0.02311369384415396 -0.04459068062811572
27.651446133 0.9851252417795464 0.16432470483908335 0.023132830065836513 -0.04461526153104461
27.704663255 0.9851203706021375 0.1643508222971136 0.023135849677189554 -0.044625050080468735
27.738090408 0.9851223921974277 0.16434312454336394 0.02313216526605399 -0.044610679625462855
27.778268502 0.9851243645832367 0.16433266220562637 0.023110094755879232 -0.04461710386454883
27.824723645 0.9851255490522262 0.16432541936296297 0.023081064959174297 -0.04463265168110174
27.864656061 0.985124287699932 0.16433178212876706 0.02308364631611 -0.044635730517578
27.904702609 0.9851183601050508 0.1643557668398824 0.023098806833112367 -0.04467038855099041
27.95143204 0.9851162067455776 0.16437393489314556 0.02310486784602169 -0.044647887035852256
27.984803525 0.9851176662172535 0.16436099812885732 0.023081715550039645 -0.044675277369310894
28.024628059 0.9851256531255187 0.16431481216628377 0.023089342367664703 -0.04466511307282189
28.058291256 0.9851243373964655 0.16432083000281283 0.02310261003474946 -0.044665133000404304
28.098209631 0.9851208348704825 0.16433868132896592 0.02312013021234044 -0.044667640435830394
28.144646586 0.9851197679880234 0.16434505303392802 0.023138731634467235 -0.04465809401269427
28.191305739 0.9851190642178841 0.16435334545009567 0.023128492035796328 -0.04464840433870064
28.231293966 0.9851193090941228 0.1643513535795714 0.02313675297161927 -0.044646053447208914
28.271259907 0.9851259004158774 0.1643138345531401 0.023134332341044492 -0.04463996831746476
28.311432846 0.9851277002809465 0.16430725237238486 0.023123438705149824 -0.04463011919612352
28.351619785 0.9851249943618688 0.16432448073170605 0.023112439610364136 -0.04463211457056822
28.391516998 0.9851245268299198 0.16432489172328207 0.02311578894372281 -0.04463918569785454
28.444598473 0.9851215194019893 0.1643327376410906 0.023105577470158366 -0.04468193863599876
28.484610303 0.9851241903009739 0.1643109698187609 0.02311122460840288 -0.044700180963491945
28.531560912 0.9851294342920415 0.164275757561647 0.023128577585928595 -0.04470505640127271
28.577976873 0.9851277093605195 0.16429068767904073 0.02311292845857514 -0.044696294366676555
28.611506504 0.9851272958048831 0.16429067847239145 0.023117279042785144 -0.04470319269244452
28.658151646 0.9851305445206717 0.16426784679793527 0.02312163183698291 -0.04471325197265322
28.691644465 0.9851318805379334 0.16425819558097854 0.023123270567387416 -0.04471842450873365
28.73820857 0.9851361100683305 0.16423427529473758 0.02310695630498116 -0.04472153875002923
28.77811253 0.9851409713966668 0.16421023849892227 0.023094027938984373 -0.044709394105849266
28.81155641 0.9851527715136478 0.16412827697960355 0.02308806562131228 -0.04475339875977175
28.851503242 0.9851471491614104 0.16417619764763425 0.023122175115682257 -0.04468372906361287
28.891436393 0.9851424661400804 0.1641931406885713 0.023134394970396092 -0.044718382435162685
28.944773148 0.9851418033288024 0.16419954816361348 0.02312234979069221 -0.04471568692413636
28.99135687 0.9851457155087661 0.16417575663068415 0.02310375604307479 -0.04472646427078575
29.024811636 0.9851500257736023 0.16414581593787952 0.023093674724102252 -0.04474662016394128
29.064983028 0.9851505362880486 0.16414371468697106 0.023090719526063588 -0.04474461366355859
29.111325668 0.9851477739999437 0.164155180728637 0.023084447836825586 -0.04476659793834548
29.151570102 0.985145706478712 0.16416943572215156 0.02305758266272511 -0.044773667070961976
29.191597846 0.9851486333629773 0.16414973493056978 0.023066586317997066 -0.044776861222244425
29.244775054 0.9851427645839209 0.16417866784755783 0.023078245602278336 -0.0447938945803064
29.291311074 0.9851439850211592 0.16416706208125573 0.023066763968094983 -0.044815498482997276
29.351804667 0.9851378496844365 0.16419793702529695 0.023074830049559573 -0.044833099535334216
29.391352829 0.9851366566528418 0.16421174139674424 0.023066291897951483 -0.04481314410291295
29.424912139 0.9851381005360661 0.16419916022873215 0.02307695497738532 -0.04482201246422059
29.471385126 0.9851362984765614 0.16420298598805946 0.023075966062811343 -0.04484810594409437
29.511340819 0.985137459850533 0.16419791267630346 0.023081625672522907 -0.0448382563030525
29.551726873 0.9851419306464253 0.16416641409914368 0.023091312433613877 -0.04485037629893145
29.591398795 0.9851418622904557 0.16416035088214834 0.023095613283670484 -0.04487185095573909
29.644593439 0.9851407988555555 0.16416017067506766 0.023096156783169577 -0.044895571452182204
29.678004842 0.9851363545607066 0.16418145723736594 0.023106802879721552 -0.04490977268852189
29.718024301 0.9851328489441729 0.16420660239847662 0.02307346797803879 -0.04491187744185969
29.751675636 0.9851295349035267 0.16422789092372442 0.023059421859086243 -0.04491394401554141
29.79131047 0.9851252120580511 0.1642543960861443 0.023044963046330802 -0.044919256585000095
29.824677161 0.9851265943160713 0.16424335535917772 0.023039127267797613 -0.04493230470737014
29.87817714 0.9851277969328923 0.16424327509425637 0.023017347304542125 -0.04491739105870402
29.918239652 0.9851226921263633 0.16428113682399267 0.022983448044560872 -0.0449082470990152
29.951680003 0.9851214975963282 0.16428968683862238 0.02297737446235303 -0.04490628057245121
29.99156854 0.9851226664468455 0.164282056457992 0.022985550969167465 -0.04490436977883297
30.031392086 0.9851249304776919 0.16427434526024298 0.02296145600048873 -0.044895237820718505
30.071521657 0.9851320063626346 0.1642341917365162 0.022950242832522935 -0.044892612515998506
30.111463755 0.9851329468753515 0.16422972737347394 0.022934603335095297 -0.044896298259236585
30.151420512 0.9851346445989362 0.16421951085700245 0.022910605814882638 -0.044908667381805864
30.191371036 0.9851344208494465 0.16422110675379445 0.02290294208576529 -0.04491164880073647
30.231415687 0.9851322103041975 0.1642286581740512 0.022900573476714335 -0.044933726642185326
30.271298579 0.9851273791621259 0.16426228298261197 0.022871495869539925 -0.04493154672600315
30.31127222 0.9851249317429543 0.16427163256642302 0.02287842458338207 -0.04494749471309951
30.358001788 0.9851278698692848 0.16424610442437396 0.022869756752994755 -0.044980789391495385
30.391424746 0.9851253285991509 0.16426231260346524 0.022877857028054834 -0.044973139409877315
30.43152971 0.9851223749735902 0.1642815089417976 0.022889326839138215 -0.0449618823343787
30.477954886 0.9851235429037875 0.16428103311386805 0.022857066297965602 -0.04495444244988709
30.511318046 0.9851200729510747 0.1643034688369709 0.02283352677015831 -0.04496044986701605
30.54467651 0.9851189302078847 0.16431087865648386 0.02284827113738039 -0.04495091775748254
30.578017106 0.9851132802828028 0.16435264579078243 0.02283165782110855 -0.0449304822271641
30.617983224 0.985111131725739 0.16436644638841005 0.022808885957778417 -0.044938671242535026
30.6515938 0.985108734832606 0.16438043825763918 0.022814833766580108 -0.044937016310968476
30.691364429 0.9851089898314467 0.16437666888653515 0.022831860382463664 -0.04493656674145251
30.731379842 0.9851086539278585 0.1643736242284242 0.022823541737925425 -0.044959287772304325
30.777980397 0.9851077621596779 0.16437731573174946 0.022826311135995207 -0.044963924711918554
30.811609632 0.9851111444904821 0.16435724192413534 0.022833318362969823 -0.04495964412981116
30.851413975 0.9851118799343482 0.16434485995885714 0.022853670575847244 -0.04497844771141868
30.891539821 0.9851150880677283 0.1643176857385259 0.022870279340045523 -0.044999019297706076
30.944992115 0.9851149212728092 0.1643121275368139 0.022911262460418302 -0.045002118644158096
30.991589493 0.9851158596145485 0.16430908221184023 0.022920116442918134 -0.04498818623633161
31.044831203 0.9851218713700102 0.16426943539825803 0.022948036580189308 -0.04498709547749278
31.085009056 0.9851204553599975 0.16428419279307868 0.022959211534483905 -0.044958503482128064
31.131466917 0.9851212831100373 0.16427970561418725 0.022947491693574608 -0.044962745822772376
31.184714065 0.9851229326554307 0.16426953165054367 0.022953860722094595 -0.04496052497052759
31.231612465 0.9851199663902022 0.16429144207376867 0.02297594886636807 -0.04493417023133643
31.285158505 0.9851203905617796 0.16429487155132083 0.02298358021919775 -0.04490842150031174
31.33154981 0.9851146986042155 0.164329912060801 0.022979589984010798 -0.04490711569653223
31.384740884 0.9851090311821358 0.16436039417537285 0.02299077494054909 -0.044914160100608044
31.431515455 0.9851064803645567 0.16437835588798044 0.022996122946925455 -0.0449016345886176
31.464906483 0.9851079301595438 0.1643670042459364 0.022989789338683054 -0.044914623878631384
31.50477788 0.9851054538000041 0.16437818325715592 0.02299359909494763 -0.04492607442483308
31.544639935 0.9851048682674259 0.16437842531152302 0.023002393771615316 -0.04493352522000656
31.58513779 0.9851044658540677 0.16438332439565384 0.023007668665206815 -0.044921723003432
31.631573171 0.9851036338125037 0.16438960895020213 0.02301611172891958 -0.04491264542956858
31.671727586 0.9851083300084691 0.1643682427198087 0.02300698876658299 -0.04489250940882511
31.718026485 0.9851144713470038 0.16432602992825174 0.023007970350730458 -0.04491177497129894
31.758138636 0.9851180761765955 0.1643101795214018 0.023012297899600315 -0.04488847336620004
31.798035312 0.9851128660258025 0.16434022274605017 0.02301007507822268 -0.044893973126719805
31.83154333 0.9851172937157178 0.16431769151342884 0.02301865983242407 -0.04487488359246238
31.864888815 0.985119307282681 0.1642992862395335 0.023034598154257343 -0.04488989026431832
31.904604133 0.9851200138964585 0.1643026914570194 0.023042822365296527 -0.0448576876138562
31.944727723 0.9851236495406746 0.16427986108894482 0.02304607554505154 -0.044859789993166865
31.984612089 0.9851219823118399 0.16429558583696616 0.0230427366898874 -0.044840525491119124
32.018183322 0.9851239807705856 0.16428655456241822 0.023018773428153304 -0.04484201791386903
32.051841694 0.9851234283434525 0.1642891625218192 0.02301896493393071 -0.04484450089021558
32.098189633 0.9851229542032487 0.16429186238858356 0.0230413644282594 -0.04483352071875592
32.151650675 0.9851203450440906 0.16430691095813116 0.02304701373801269 -0.04483279992782653
32.198332232 0.9851190230496576 0.16431026055732784 0.023046689638652758 -0.04484973576255506
32.244789492 0.9851220756284229 0.16429141377133716 0.023048326561537637 -0.04485088754167435
32.284944429 0.985118740763798 0.164317599685371 0.023041001357944756 -0.0448319672333306
32.331447984 0.9851238765266075 0.16429625066722012 0.023020895028738147 -0.04480768132763945
32.365022911 0.9851245523503981 0.1642936676008624 0.022985921204077078 -0.04482024731173674
32.418435071 0.9851263142180658 0.16428456414339443 0.0229841417034508 -0.04481580356860086
32.464916699 0.9851205995783121 0.1643095119825644 0.023009413165476084 -0.04483698768092097
32.518030101 0.9851222865893785 0.1642967147037133 0.022994038897198817 -0.04485470073108523
32.557925462 0.9851231953133992 0.1642989082062682 0.022984697134625507 -0.04483149022033869
32.598129087 0.9851282940816932 0.16426428146088465 0.022960349313448092 -0.0448588051026414
32.638082316 0.9851328066172463 0.16424070979509578 0.022974531162060437 -0.04483874987456561
32.684767118 0.9851261400130451 0.16427489523366529 0.0229830798353607 -0.04485560277432624
32.718410083 0.9851232158501753 0.16429597554222075 0.022971689988764116 -0.0448484500590508
32.764831336 0.9851186797414468 0.16431596960409145 0.022978473092522583 -0.04487135758891563
32.811723197 0.9851119442468417 0.16435862557309566 0.022976333640965775 -0.04486410139910868
32.857998668 0.9851157935860213 0.16433310116978428 0.022981899012632583 -0.04487022849371483
32.891881452 0.9851157203754782 0.16432565069160218 0.022984356177427317 -0.04489785479277791
32.938399995 0.9851206005911172 0.1642932683928332 0.023007816603354984 -0.04489726747747002
32.984998603 0.9851213388157936 0.16428509851786008 0.022990855441588638 -0.0449196480487046
33.031517375 0.9851278243953152 0.16424310697902378 0.022980715069750947 -0.04493615634333917
33.07812333 0.9851270691336408 0.16424160673928384 0.02299214711116592 -0.04495234640238341
33.118058275 0.9851239735607521 0.16425427657121047 0.02300516888640803 -0.04496722749348268
33.164681631 0.985128129892599 0.16422564615758994 0.023009008437407198 -0.04497877687487878
33.19802838 0.9851280084393638 0.16421774461187527 0.023008133783298617 -0.045010722308041255
33.24481874 0.9851265086069425 0.1642295641603842 0.023005675703879323 -0.04500167975747039
33.29140941 0.9851239266903375 0.16424848282627785 0.023001975853061744 -0.044991044201391356
33.344740436 0.9851275859548698 0.16423077625968938 0.02300747566772667 -0.04497274267008185
33.385181404 0.985124002591834 0.1642478863452744 0.023020035138160044 -0.04498232242550593
33.418852608 0.985119408040078 0.1642689069489145 0.023007339530418655 -0.0450126697753805
33.465040793 0.985116197822479 0.1642893137475026 0.02301165109082476 -0.04500624501368165
33.498422301 0.9851164332691973 0.16428641144100817 0.023023848193086553 -0.045005447816821496
33.544582116 0.985118684223733 0.16427499048413663 0.02301389035204996 -0.04500295929826774
33.577924008 0.9851181304998426 0.16427615082890282 0.02299815291871116 -0.045018887054905476
33.618053275 0.9851187463622708 0.16427669863225489 0.022987727829699163 -0.045008734944930816
33.65154004 0.9851214301917915 0.164257718052931 0.022984583085009495 -0.045020870463943735
33.698433965 0.9851217769807034 0.16426339374721205 0.022949148959556402 -0.0450106493517031
33.751475833 0.9851200306923795 0.1642837834068875 0.022917104243931632 -0.04499077651293514
33.798014336 0.9851157300617746 0.16431530134499064 0.022892392583532442 -0.04498242424062337
33.831619057 0.9851171113588537 0.16429911427165547 0.022887089894652053 -0.045013987533781524
33.878194279 0.9851180498785699 0.1642871414383919 0.02288878163675777 -0.04503628133660818
33.918101592 0.9851211461584494 0.16426521778132555 0.022868588872770306 -0.04505877563455406
33.95796615 0.985122576556475 0.16426230118470342 0.02286952205032366 -0.04503765679326498
33.991319752 0.9851213045736217 0.16426480591182258 0.022901759467689572 -0.045039962557725355
34.03154683 0.9851264861166906 0.1642224373994129 0.022941860469211605 -0.04506071952587132
34.084820242 0.9851232770417314 0.1642330080791602 0.02300234761676167 -0.04506151453234152
34.124655725 0.9851268551936713 0.1642028550733136 0.02297810688956767 -0.04510552256400025
34.178133189 0.9851275031015391 0.16419957148230468 0.023002337381663577 -0.045090972854162026
34.231318673 0.9851249098712227 0.16420054896187303 0.023017198431792223 -0.04513646251299049
34.264677806 0.9851268520100045 0.16418967531969125 0.023042163784439997 -0.045120889346335236
34.298255888 0.9851224224696439 0.16420910037694003 0.023071251878918297 -0.04513204446594732
34.3513626 0.985118322477007 0.16422081074481748 0.023089866514103632 -0.04516939342921583
34.391346594 0.9851205730302194 0.16420071651050508 0.023129642444559072 -0.04517301108444976
34.424914502 0.9851262323365877 0.16416530886060035 0.02314982379032819 -0.045167946460959674
34.464862345 0.9851235158968513 0.1641809526843696 0.023126083068710508 -0.04518249090718783
34.505497351 0.9851276369238053 0.16415289297158744 0.023138745418805607 -0.0451881085953111
34.551494585 0.9851235382268548 0.1641727369139048 0.023139828156473093 -0.04520481432866977
34.591347244 0.9851283555880583 0.16414204368946106 0.02313044526311477 -0.04521609239801196
34.624684421 0.9851306504845276 0.16412761118299068 0.023127976159511534 -0.04521974615211379
34.658022303 0.9851323511065646 0.1641140643353336 0.023148895790001425 -0.04522116002817676
34.691444045 0.9851322738856245 0.1641092134472299 0.023160385780501724 -0.0452345613570948
34.738096544 0.9851368787069354 0.16409137583439115 0.023176815471627345 -0.04519055004010778
34.772245033 0.9851419977936317 0.16405245998520232 0.02316083950396697 -0.04522842103641574
34.818271002 0.9851442746720677 0.1640384145211531 0.02317837887550378 -0.04522078498805174
34.851624487 0.9851455765613418 0.16403216331966863 0.02319722971402967 -0.04520543011503746
34.885215305 0.9851449649249788 0.16403519440243813 0.02319249253399153 -0.04521019100133754
34.931592749 0.985147108350818 0.1640249573885389 0.023195812966067052 -0.045198921696797234
34.977992047 0.9851425601684666 0.16405060972461571 0.023183832416094542 -0.045211099391673656
35.018084152 0.9851454550367913 0.16403733422707886 0.023190090965845723 -0.04519297601423387
35.058007392 0.9851517314459202 0.16400280384378313 0.023194594462836605 -0.04517916719227837
35.111311716 0.9851537022307942 0.16398977627542438 0.023191261056679194 -0.04518519302489352
35.151536968 0.9851494711771338 0.16402049651444056 0.02316898338352846 -0.04517736569947163
35.191373022 0.9851503616044607 0.16401267415209186 0.023173305051343598 -0.045184130854509445
35.231502654 0.9851487656281953 0.16402270103049166 0.02314520788779595 -0.045196929981312535
35.28466036 0.9851490644395812 0.16402431681584018 0.02311525139711235 -0.04519988362554922
35.338027469 0.9851449875695608 0.16405152326341882 0.023099416524939145 -0.04519809882870479
35.371551817 0.9851460132123789 0.1640459419478027 0.023077111627913743 -0.04520739431914152
35.418106263 0.9851438092184865 0.1640590183066961 0.023052662910123096 -0.045220442318553315
35.464997932 0.9851403047060733 0.16407965384237022 0.023056974742025043 -0.045219720856487226
35.511492751 0.985143902662396 0.16406883462667415 0.023013921830901972 -0.04520252153707544
35.565008254 0.985137724152241 0.16410344684624661 0.022995997933737845 -0.04522065086170358
35.611357065 0.9851359540187375 0.16411267831578943 0.023011508872385913 -0.04521782143166889
35.66498352 0.9851324330050817 0.1641344943265031 0.023015632268206337 -0.045213248998122076
35.711329135 0.9851330163029652 0.164129122043762 0.023017332588325404 -0.04521917610355122
35.75157301 0.9851365336902744 0.16411022870400274 0.02300570958816486 -0.0452170338453954
35.798582519 0.985131900971362 0.16414131302575155 0.02299392334303741 -0.04521113287706254
35.838054318 0.9851291349202489 0.16416151831419787 0.022976906655960864 -0.04520669415675813
35.877986106 0.9851262061463472 0.16418106675205574 0.022977877788129077 -0.04519903114244257
35.911627523 0.9851264150989913 0.1641784909428692 0.022988660034037347 -0.045198350586845036
35.964960488 0.9851277231085834 0.16416196071547814 0.022990124865000017 -0.04522912751358372
36.011323028 0.9851239889559744 0.16418960182758008 0.022989568316155045 -0.04521040570274411
36.051463625 0.9851242263002525 0.1641842670541868 0.022972508930502608 -0.04523327361187197
36.084830962 0.9851215561524453 0.16420384045862013 0.022957244587206486 -0.0452281251367725
36.13136354 0.985118982194356 0.16421835853792593 0.02297944839415533 -0.045220201138051766
36.184730074 0.9851215608356746 0.1641946517474208 0.02302010008398076 -0.04522943407064705
36.21840212 0.9851209722291067 0.16419481800358834 0.023035819303853306 -0.045233647256753926
36.264692339 0.9851224363835533 0.1641884172028098 0.023074898342605614 -0.04520506671432503
36.298110559 0.9851207886382717 0.16419995668324883 0.02308166305216275 -0.04519560651960812
36.338542662 0.9851186982807071 0.16420383012091921 0.023083147242281034 -0.04522632844634589
36.378132148 0.9851155500769356 0.16421677272028637 0.02306666847230419 -0.04525630740061864
36.418133929 0.9851169869246427 0.16420666313260388 0.023097149104853106 -0.04524616623093464
36.464687275 0.9851132319533602 0.16422436764420656 0.023098566264105138 -0.04526293780576412
36.504834071 0.9851195633201723 0.16418549756699924 0.02311702501634831 -0.04525672885818874
36.538376906 0.9851184386092702 0.16419689462048737 0.023118289452813127 -0.04523921309879641
36.584893572 0.9851185090692393 0.1641923099304634 0.02309999470356518 -0.045263657536630336
36.6182524 0.9851107045801663 0.1642437296358789 0.02311140442380424 -0.04524113153341821
36.658146908 0.985109842043651 0.1642486789924791 0.02308210673826153 -0.04525689899321546
36.698029788 0.9851119346748212 0.16424200982462914 0.023078310803651882 -0.0452374837988077
36.731525829 0.9851093400029108 0.16425727495964804 0.02308902871046351 -0.04523309203522915
36.784879362 0.9851126241244282 0.16423572203144687 0.023116835236623976 -0.04522562689598809
36.81821518 0.9851113821049727 0.16423387073891235 0.023142071263112785 -0.04524649253807025
36.864920468 0.9851053643279238 0.16427206162253433 0.023157370696769455 -0.04523104160908802
36.904654136 0.9851080956315029 0.16425752182513875 0.02316579626911428 -0.04522004343602355
36.94463989 0.9851106381157381 0.16424518789146614 0.02317626403440636 -0.04520408953963977
36.978016871 0.9851104239312694 0.16425601419462726 0.023165588148476284 -0.04517488227526928
37.011489213 0.9851135391957214 0.16423991218996567 0.02315985227002145 -0.04516843344575181
37.051851821 0.9851160467795764 0.1642240458639068 0.02316729068715685 -0.04516761870727286
37.09159135 0.9851183097157205 0.16421421495240351 0.02318426168311955 -0.04514529300620711
37.138125584 0.9851215664744046 0.1641895487687582 0.023195465996157252 -0.04515818529733026
37.184850454 0.9851257268265562 0.16416420340333904 0.02320268564618903 -0.04515586389607452
37.225062916 0.9851280345120599 0.16415633444592057 0.023185517839950914 -0.0451429423296527
37.264882603 0.985124126711434 0.16418531502571893 0.023154981331010897 -0.0451384995375413
37.29826452 0.9851279779222741 0.16417169031574197 0.02315029104820685 -0.045106399080694866
37.331729521 0.9851261562723659 0.16418467490068755 0.02313167935281587 -0.04510847111251198
37.377962883 0.9851275760709151 0.16417682961791843 0.023149372272392225 -0.04509694052423903
37.411510112 0.9851239203515405 0.1641996120566088 0.023134956925234842 -0.04510124964719366
37.451497656 0.9851275294620774 0.16418324119172722 0.023108080069507222 -0.04509579407466071
37.491422985 0.9851299574450655 0.16416392140383798 0.023110781852513293 -0.04511170153921733
37.524821236 0.9851292813788207 0.1641717238036178 0.023114969814233926 -0.04509592269689025
37.564782256 0.9851339380988247 0.16414769229597287 0.02311240921268905 -0.04508298637172402
37.598194304 0.9851355559264241 0.16413936773163312 0.023125527861533584 -0.045071214442484575
37.644669468 0.9851305527604428 0.1641692264974001 0.023118824609265863 -0.045075259709024124
37.684743664 0.9851290871712666 0.16418101074413485 0.023117721015407638 -0.04506493420826195
37.72485048 0.9851342487933542 0.16415541117720941 0.023103867391012552 -0.04505245994586531
37.764817295 0.9851357821619474 0.16415152300843402 0.02309165258634243 -0.04503935811056188
37.804940221 0.9851375472898412 0.1641375055791819 0.02309823757962823 -0.04504845838333752
37.84498414 0.9851386636928982 0.16413134829627357 0.023119939035471583 -0.04503534415117106
37.884928527 0.9851370722573095 0.16413718806562377 0.023121874407627287 -0.045047877664598245
37.924753 0.9851379374056067 0.16413979167279294 0.023131815587449756 -0.045014355282146014
37.964650891 0.9851371729448288 0.16414898247524584 0.023122577451339412 -0.045002316013941716
37.998204735 0.9851362112759654 0.16415770956616196 0.02310715666720007 -0.04499945481431504
38.044724267 0.9851376660252569 0.16415086494149658 0.023123481884230124 -0.04498418725305415
38.084645858 0.9851398605446882 0.16414131237974924 0.02310277186652586 -0.04498162589690625
38.124689932 0.9851417517032424 0.1641374889648932 0.02310630374194611 -0.044952335809741395
38.158094233 0.9851424660817402 0.1641411762073263 0.02308213792122364 -0.044935628455031594
38.191472364 0.9851405287969327 0.16415591933333393 0.02309248347327234 -0.04491892559450129
38.231321025 0.985137264840204 0.16417586152343916 0.023092295884064067 -0.04491772241555865
38.264675916 0.9851365596489698 0.16417339212986465 0.023098920791292644 -0.04493880303082319
38.304669374 0.9851336158142148 0.16419534454690204 0.023110058271545567 -0.044917402291554234
38.344598038 0.98513145569064 0.16420533025346606 0.0231233293610906 -0.044921444371806715
38.37815148 0.9851351900204767 0.16418076366931253 0.023112521692050334 -0.044934903641994615
38.417997787 0.9851351197472589 0.16418264125740106 0.023107297481365745 -0.04493227073502183
38.458064382 0.9851340610767072 0.16418455710292174 0.0231101973165259 -0.04494698761233262
38.497966985 0.9851348654457059 0.16417937443184166 0.023134693330511002 -0.04493568580697473
38.53804899 0.9851362023103742 0.16416947152405964 0.023153661959186167 -0.044932788193968884
38.57803267 0.9851367361028562 0.16416560109078848 0.023159760220568027 -0.04493208325503288
38.611475348 0.9851336122310851 0.16417808990014396 0.0231781940664328 -0.04494543546449614
38.658050923 0.9851316173465058 0.1641889205153867 0.02316820845013303 -0.044954743926097454
38.70472562 0.9851341633344289 0.16416794289681794 0.023197619481470234 -0.04496039598129342
38.744653265 0.9851321782925423 0.16418074859041307 0.02319605619735074 -0.0449579365826729
38.784706793 0.9851313252943914 0.16418434283780398 0.023185595513193713 -0.044968896487828765
38.831396304 0.9851333905150768 0.16417229566521646 0.02319487540929574 -0.04496285114435516
38.878016351 0.985131534307095 0.16418241854443047 0.023152108287427968 -0.044988592292909885
38.91148334 0.985132857789373 0.1641716928194221 0.02317278358861528 -0.04498810822099053
38.958005837 0.9851300415909758 0.16418191642077834 0.02318963739099657 -0.04500377976389103
38.998009237 0.9851294245804441 0.16418240698221212 0.023212497529518827 -0.04500371119999634
39.038034863 0.9851289834494582 0.16418143643802618 0.023212521767204345 -0.04501689383098914
39.084652303 0.9851312377431659 0.1641608888120846 0.023225421465161628 -0.04503583911519715
39.124637014 0.9851324510099608 0.1641522198751301 0.023208803938387933 -0.04504946278174313
39.164703224 0.9851342182914757 0.1641389344935992 0.023224038713022047 -0.04505137245861788
39.204668219 0.9851375542877743 0.1641174558935436 0.02323860960684563 -0.04504916010842303
39.244623149 0.9851436810342418 0.16408205009913107 0.02322202468326741 -0.04505270383872818
39.278123205 0.9851450253670428 0.1640688058390879 0.023249443411093595 -0.0450574003486524
39.318060475 0.9851488132198983 0.1640510857147041 0.023256088100739987 -0.04503566868053911
39.357945446 0.9851503754221917 0.16403201705821718 0.023243973613971475 -0.04507718797751854
39.398000024 0.9851541076308179 0.1640066729300815 0.02326595398659375 -0.04507649983778764
39.438013401 0.9851497694689069 0.16402941676972047 0.023267066317925543 -0.045087978159397656
39.47803024 0.9851524776661555 0.16400903404186498 0.023262681555470285 -0.045105211979749295
39.524639712 0.9851502163180099 0.16401929440443416 0.023266286416448796 -0.04511543270365054
39.564711864 0.9851475275619488 0.1640339369659521 0.02323987429417934 -0.04513451788620509
39.611278967 0.9851476234496572 0.16402936341461166 0.023247274191183564 -0.045145234432546165
39.65133119 0.9851500812266769 0.16402121374126816 0.02324529338158668 -0.04512222553816797
39.691381762 0.9851450891834674 0.16404927432208577 0.023233020622429296 -0.045135524865154084
39.731348824 0.9851471525752462 0.16403761390866525 0.0232221988820756 -0.045138436781946296
39.778022497 0.9851447472038796 0.1640544804358493 0.0232054400616044 -0.045138254918363346
39.818013091 0.9851525680963049 0.1640126609896989 0.023191933073350483 -0.04512647613823494
39.864668749 0.9851478925182695 0.16405932470143714 0.023111809850410163 -0.0451000231791418
39.904683322 0.9851394209162813 0.16411657620851122 0.023093049961823178 -0.0450863816888278
39.944645554 0.9851394162679055 0.16411987519185495 0.023102546478067743 -0.045069606483410116
39.984649229 0.9851451038195487 0.16408858279740843 0.023065956724281612 -0.04507796641711167
40.018257452 0.9851486348268154 0.1640666061635559 0.02305154281616759 -0.045088162688550065
40.058039318 0.9851489862786617 0.16407115189205831 0.02306614098273123 -0.04505646558600969
40.091392651 0.9851408918246487 0.16412208407202028 0.023019100383010326 -0.04507200674864191
40.131352626 0.985138109873827 0.16413529560542595 0.023008683431306794 -0.045090017714581467
40.171340351 0.9851382522091108 0.16414156594885834 0.022995973814394336 -0.045070561906443964
40.204774646 0.9851341369602961 0.16417212020163607 0.02295781273952044 -0.045068680679704654
40.2447058 0.9851360226688656 0.16416759821954424 0.022933807300328006 -0.04505615404921018
40.278039403 0.9851409414539021 0.16413842605575868 0.02291483848160164 -0.045064539724932004
40.318021941 0.9851365059379736 0.1641641149478207 0.02291580264482831 -0.04506743858777384
40.351429794 0.9851349934643401 0.16417826707047012 0.022904723910768678 -0.04505457686321675
40.384813936 0.9851339836788524 0.16418579787650714 0.022891901374821194 -0.04505573024749049
40.424777484 0.9851342517396963 0.16418327324365647 0.02289214917819012 -0.045058942977737985
40.464681964 0.985134731684671 0.16418693617240043 0.022896679808360847 -0.045032793302713536
40.511501892 0.9851390812674979 0.16416518547814912 0.022894991404613242 -0.04501779431444699
40.551288818 0.98513751192488 0.1641738084841301 0.022885930406638638 -0.04502529728603255
40.584687934 0.9851412776470593 0.16415687729910977 0.022888501509129508 -0.04500332443266244
40.624651929 0.9851415596409453 0.16415524785938504 0.022875945916333466 -0.045009478633536784
40.664614572 0.9851451796528424 0.1641399052774617 0.022853107435442263 -0.044997799755311124
40.704687648 0.9851406476804081 0.16416255549409647 0.022864845223153813 -0.04500842714864557
40.744635478 0.9851367804291002 0.16418053961256612 0.02288156454413716 -0.045018976691235585
40.784797072 0.9851386537863758 0.1641642675260883 0.022881377940454195 -0.0450374136372894
40.824701807 0.9851415946072659 0.16414391244195412 0.02289800905369422 -0.04503882507657625
40.871486307 0.9851362611569754 0.1641786480559949 0.02288813242167807 -0.045033896904542625
40.911332818 0.9851392490318586 0.16415497993997358 0.022908365601256454 -0.04504452645252244
40.944680969 0.9851410967386678 0.16414487864758698 0.022890690769901006 -0.04504991239037721
40.978025295 0.9851368620424484 0.16417185425548017 0.02289143396357208 -0.04504384049530983
41.018239302 0.9851313627540644 0.16419990280832186 0.022889304806641194 -0.045062953315627555
41.057974231 0.9851290765543012 0.16421752930201844 0.02289112627262552 -0.045047773920377454
41.091413598 0.9851270050734224 0.16423606532192692 0.02288311898489151 -0.04502956349071494
41.131328043 0.9851263238598198 0.16424598668521986 0.02289321434777674 -0.045003140257794866
41.171508163 0.9851300226173711 0.16422630648335892 0.022889995242226693 -0.04499563217182994
41.21129487 0.9851259033594597 0.16425553400636667 0.022879654588704185 -0.044984391564114365
41.24466666 0.9851241420036877 0.16426294796467522 0.022870343860857505 -0.04500062376388469
41.291287793 0.9851213061021701 0.16427807641264716 0.022862153444458282 -0.04501164086763632
41.331438359 0.9851221755484301 0.16427661681940853 0.02285880185755952 -0.0449996398511628
41.371587601 0.9851260433054201 0.1642538944969209 0.022833300517942537 -0.04501085792849991
41.411513328 0.985119545549954 0.16429389885211132 0.022834012765808334 -0.045006706571748975
41.451326052 0.9851187750115173 0.16430167372111862 0.02284622812768446 -0.044988987458982395
41.491467561 0.9851218388703379 0.16427827574537054 0.02289226582531305 -0.04498394007015621
41.531558023 0.9851192067408763 0.16429623859615142 0.022905374779769103 -0.04496930397039152
41.571372789 0.9851197743239789 0.1642930693338719 0.022902815540597858 -0.044969752557046015
41.611328385 0.9851218538248485 0.1642820725943332 0.02289412477704991 -0.044968797977006376
41.651417286 0.9851215251198956 0.16428076522674936 0.022923804028935596 -0.044965655013659574
41.684759547 0.9851146753688138 0.16431532472481342 0.022930406287045624 -0.044986074524090175
41.718317437 0.9851172627114533 0.16430041917744803 0.022939162484095717 -0.044979392954294636
41.758045146 0.9851141207376084 0.16432098910876544 0.02292237502157819 -0.04498162274813879
41.797971766 0.985116243867666 0.1643100922175433 0.022924064480074568 -0.04497406954275967
41.838118698 0.9851174114331419 0.16430372723192638 0.022919340396323554 -0.04497415640965321
41.878184194 0.9851193232297573 0.16428952479605435 0.0229445076428582 -0.04497133098606968
41.918045542 0.9851218529736497 0.16427104432392217 0.02294126017529277 -0.044985079438192514
41.957929846 0.9851259394242651 0.16423866242713261 0.022964766602195298 -0.045001830324024855
41.991342609 0.9851287147177937 0.16421824851936423 0.022987052489199515 -0.04500419657719656
42.031273889 0.9851270272796024 0.16422513174332556 0.023005621998683834 -0.045006528233073106
42.064684321 0.985128799386304 0.16421559702738076 0.023005832779390896 -0.045002421832238786
42.098040546 0.9851313074827791 0.1641928617569665 0.023030051325355134 -0.04501808415825348
42.138093325 0.9851368459552554 0.1641586813505627 0.02305380491221461 -0.045009378552090355
42.17157049 0.9851394047319859 0.1641411167585092 0.02306781338758673 -0.0450102545992957
42.21134914 0.9851388707882098 0.1641406247838176 0.02307925401108692 -0.04501786969638467
42.251339494 0.9851364091970032 0.1641560624616073 0.02310597541153998 -0.04500173698666461
42.298016701 0.9851372402781895 0.1641529091172025 0.023125565108601066 -0.0449849806473266
42.337962601 0.9851338579804848 0.16416522610526274 0.02317249009508643 -0.0449899555577374
42.371357286 0.9851366270153483 0.16414764956004207 0.02317667281751984 -0.044991300201770716
42.418027983 0.9851350872859821 0.16415731894183155 0.02319537525486988 -0.0449800956274678
42.451388693 0.9851360540823288 0.16415069796694787 0.02317820200726497 -0.044991935452626294
42.491333282 0.9851269776127753 0.1642066773792982 0.023191028317908056 -0.04497978756205465
42.531317488 0.9851256931143397 0.16421765724085577 0.023184838974749745 -0.04497102464956368
42.57137225 0.9851291700831784 0.16419830023512674 0.02317071105393408 -0.044972820685149725
42.611292626 0.9851278114271074 0.16420787302596526 0.02316531305820376 -0.04497041093921297
42.651565186 0.9851250873649762 0.1642195274032982 0.023150965462368226 -0.04499490928700497
42.691300803 0.9851183615999176 0.16425004139242605 0.023160873109868686 -0.04502567598680825
42.731363201 0.9851157595317519 0.1642648942135745 0.02316385734105206 -0.04502688712609448
42.777986737 0.9851219159075044 0.16422661450441228 0.023147014997248878 -0.045040488272931646
42.818072388 0.9851230315872596 0.16422036527998393 0.023145504117759005 -0.0450396481199707
42.858151128 0.9851210151832023 0.1642322150614381 0.02315345892466318 -0.045036455458378505
42.898030567 0.9851139328391211 0.16427915719252645 0.023169561499061072 -0.045011879079794814
42.931388281 0.9851141783357598 0.1642715837247393 0.023173945470445156 -0.04503188507890658
42.97800613 0.9851213136717138 0.1642240786646913 0.023208239527699216 -0.04503139965041383
43.011345861 0.985120436436999 0.16422349657588234 0.02322254035076651 -0.04504533834066534
43.051507176 0.9851259091662316 0.1641868158636279 0.023255660715598373 -0.0450422782577664
43.091365433 0.9851233566668154 0.16420608010368562 0.023257911315253822 -0.0450267139345116
43.124960918 0.9851200738340604 0.16423209691462912 0.023246009043503685 -0.04500979377589494
43.171462152 0.9851123355089315 0.16429225817288973 0.023205817429532656 -0.04498033314703568
43.211278328 0.9851065636136045 0.16432211730753168 0.023180670430785085 -0.045010627715512425
43.244684044 0.9851131239493882 0.16428833194542852 0.02317827212394872 -0.04499160711304134
43.278094278 0.9851140850136639 0.16429129330849637 0.023160490369364392 -0.04496890188301472
43.318286975 0.9851096568945238 0.16431226105275487 0.023154831329572863 -0.04499220540253701
43.364687103 0.9851167052318113 0.16427491972569558 0.02315768601647876 -0.044972762875979934
43.404661528 0.9851170464412295 0.16427746038928204 0.023114329616479325 -0.044978312388716184
43.438044807 0.985119185746638 0.16426926156300645 0.02307509751641804 -0.04498154570524847
43.477951192 0.9851196030130583 0.1642725363860482 0.023046955846815625 -0.04497487492905011
43.511556115 0.9851148685244412 0.16431031047266595 0.023033465634687004 -0.044947493203793695
43.55132045 0.9851069654592127 0.16436198693507298 0.023006786847855364 -0.044945429283005406
43.584761652 0.9851073434361348 0.16436088296227616 0.022973988031118595 -0.04495795740476062
43.62469776 0.9851071344476585 0.1643643885786702 0.022959150961999242 -0.04495729990320621
43.664679485 0.985107846973116 0.16436110189712783 0.022923450335839833 -0.044971918347499855
43.69804046 0.9851087539125042 0.1643565708038783 0.022905013439756008 -0.044978005267772105
43.738150226 0.9851122655182994 0.16433924702064648 0.022901707385482115 -0.044966076245545404
43.7846536 0.9851145401940513 0.16433281237214506 0.022943565298902194 -0.044918395869612784
43.824962448 0.9851134151760568 0.16433104878855098 0.022955283229137913 -0.044943526965415134
43.864660828 0.9851106080400602 0.1643473244696152 0.02298809515210029 -0.04492876971273511
43.898264539 0.985114694086467 0.16432701924912974 0.022990636309483822 -0.044912146260311925
43.931614573 0.9851141901758728 0.16431777610086282 0.02300803683989763 -0.044948092419757536
43.978233406 0.9851088578938055 0.16434784317238033 0.02298926974576823 -0.04496463077025255
44.018138442 0.9851149284319949 0.16431477352576107 0.022973265631027515 -0.044960672235298225
44.051475564 0.9851161597250514 0.16430695907396645 0.022966949925092215 -0.044965478531550744
44.091619966 0.9851200799758206 0.1642829913958345 0.022959883925961967 -0.044970773804500236
44.138122753 0.9851182789601292 0.1642914218028315 0.02295060334402833 -0.04498416373327811
44.178051442 0.9851218561784096 0.16426968597880737 0.02295221797409566 -0.0449843799345781
44.224650036 0.9851202826180623 0.16428157139249608 0.02295939369894002 -0.04497177243892276
44.258042247 0.985117135821053 0.16430325802265305 0.022947592752102994 -0.04496750050592467
44.297989761 0.9851150310012623 0.1643095930243285 0.022935516870702173 -0.044996615444221684
44.331333343 0.985111201488408 0.16432662565044548 0.0229443370272891 -0.04501375570624703
44.371614465 0.9851133104282619 0.16430204941309265 0.02297347684301837 -0.045042441513223425
44.41140031 0.985114289054118 0.1642838071666528 0.023021946070166104 -0.045062825070916086
44.444844908 0.9851136932345876 0.16428043752982038 0.023066181148918875 -0.04506551379854593
44.484892455 0.9851162009258908 0.16425547454983133 0.02310809199468768 -0.045080215595254956
44.531329185 0.9851210492223264 0.1642121447911154 0.023172908057956708 -0.0450988493682735
44.564701756 0.9851255647994863 0.16417771694637862 0.023196993701536252 -0.04511317235552044
44.604642191 0.9851243043916276 0.16417257311940003 0.02323078022026207 -0.04514202014337679
44.638024025 0.9851261971175977 0.1641566757272951 0.02326403894876475 -0.04514140071568574
44.671430363 0.9851345214718155 0.16409695887242617 0.023296814786739912 -0.04515995033335288
44.711475413 0.9851352583109947 0.16408690191570446 0.023314334005562584 -0.04517137680116471
44.751429641 0.98512703927322 0.1641360889140156 0.02331281748028787 -0.04517270580694779
44.791342994 0.9851248866134921 0.16414990064786017 0.02329779791933117 -0.04517721222211658
44.831321386 0.9851230967388898 0.16416233293121668 0.02328279818770415 -0.04517880063382779
44.864685592 0.985125374892312 0.16414462044584124 0.023304864642633632 -0.045182104930613254
44.904654601 0.985119546574863 0.16418399623324859 0.023288567664526808 -0.04517451663440239
44.938047193 0.9851171108281587 0.16419338904476533 0.023283779279728155 -0.04519595745228342
44.978066579 0.9851097953373813 0.16423267408810757 0.02329036532293155 -0.04520927753610526
45.01802017 0.9851116840200034 0.16421657111711946 0.023296509582428886 -0.04522344988039992
45.058033701 0.9851132296698839 0.16420325494733506 0.02331644024322577 -0.0452278609758982
45.104705968 0.9851176448355147 0.1641743871577468 0.023316684171902805 -0.045236364512800324
45.144736385 0.9851218716997636 0.16414792344254284 0.02333209023983922 -0.04523240755582006
45.191368005 0.9851276497029485 0.16411384063083911 0.02332305983621667 -0.04523489785570935
45.231411043 0.985124413193671 0.16414168397231377 0.02330254375013325 -0.04521492637759961
45.264777298 0.9851183648827441 0.16417063115875927 0.023296998111515803 -0.04524445728125486
45.304650405 0.9851201056001944 0.16416551879160673 0.02328784774637107 -0.045229814608138845
45.344716086 0.985118021969756 0.164172227517698 0.023293917746519427 -0.04524771705059806
45.378200502 0.9851092015008458 0.16423117804195755 0.023277261264842038 -0.04523439383174156
45.417997052 0.9851070832729218 0.16423699983468204 0.023278907799328525 -0.04525853314558147
45.458146135 0.9851076503199434 0.1642382670030247 0.023285520893622933 -0.04523818574695417
45.497939773 0.9851085074551945 0.16422563886226313 0.023283199393827645 -0.04526655173158171
45.53151254 0.9851096087791147 0.16422043944350015 0.02328075602187914 -0.045262703842050556
45.571427145 0.9851072714551526 0.16423280290943743 0.02327359518467781 -0.04527239712975249
45.611364807 0.9851062595995221 0.16423465736909681 0.023283295017383868 -0.045282698570512356
45.658043492 0.9851068361408934 0.16422563467756865 0.023272421740160046 -0.04530846156709608
45.698085867 0.9851058853634186 0.16423360400053633 0.023271191175758512 -0.045300878585428354
45.744700252 0.9851087784644992 0.16421630020256595 0.023268800315458308 -0.045301923489431885
45.784684413 0.9851112657769028 0.1641960025860354 0.02326987768221221 -0.045320851347367574
45.824674544 0.9851150413059232 0.1641667209230344 0.023282209105859982 -0.04533852526669857
45.864802149 0.9851091649687209 0.16419907277854148 0.02328329504851533 -0.045348492422354975
45.904713369 0.9851049023015302 0.1642243912172296 0.023272063579533205 -0.04535517442997129
45.944698301 0.9851057972379523 0.16420938779079958 0.023299129955071822 -0.04537615841921823
45.984715256 0.9851029510464645 0.1642209475367138 0.02328692670779975 -0.04540237079929381
46.024775745 0.9851039835383076 0.16421543464945335 0.023289499016315874 -0.04539858891439084
46.071444584 0.9851021215598549 0.16422913498863873 0.023307385043078714 -0.04538025034759336
46.118192237 0.9851025681232285 0.16422419604184646 0.02330535583086952 -0.0453894712573933
46.158199184 0.9851018786448338 0.16422461819990297 0.02329668651569086 -0.045407354744632075
46.198019122 0.9850985407633317 0.16424636367343232 0.023311791557379315 -0.04539336273503707
46.231409185 0.9850977598110673 0.16425557233171428 0.02330271894423547 -0.045381646763905444
46.264883703 0.9850984216941203 0.16425093934322382 0.023312315448953472 -0.04537911908609857
46.304718363 0.9850978942990304 0.1642492819222228 0.023327667732794162 -0.04538867649313917
46.344692597 0.9850999013027708 0.16424162713008222 0.023319106112915874 -0.04537721521897094
46.391327049 0.9851000018328426 0.1642445678067117 0.02329026873695198 -0.04537919916746563
46.431452698 0.9851038734021363 0.1642280628979165 0.02328151387111681 -0.04535937694429632
46.478001325 0.9851008536731728 0.16424957064092652 0.023274006516267664 -0.045350934470397064
46.511394054 0.9850992425542003 0.1642527341821928 0.023276176589082147 -0.04537335381265794
46.564666421 0.9851003493173587 0.16424668669450943 0.023298778873418618 -0.045359614060319596
46.598016409 0.9850986983820105 0.1642564182763649 0.023306593032085467 -0.045356214814790616
46.637971882 0.9851002995405624 0.16425383209023675 0.023299929038124348 -0.04533422322688263
46.671319499 0.9850957406055678 0.1642822135527356 0.023288461828628655 -0.045336339691663535
46.711340978 0.9850971904350686 0.16426888268266615 0.02332585606361471 -0.04533391686168545
46.75813703 0.985094548609866 0.16429020759546298 0.023301886571222924 -0.04532637278214525
46.798117261 0.9850911418237268 0.16431106810561694 0.023291616064865902 -0.045330076323608144
46.844724592 0.9850956755964546 0.1642846510102421 0.023275619052677093 -0.045335515011107934
46.884676007 0.9850952583323649 0.16429034412296895 0.023282499867765073 -0.045320415255769644
46.918040282 0.9850920598962376 0.16431314814477282 0.023281935691017 -0.04530755286506588
46.951393263 0.9850908057886212 0.16432562756329322 0.023271078803413496 -0.04529513625082142
46.984728029 0.9850892525816395 0.16433222369405004 0.023270442683840535 -0.045305310960346706
47.024724242 0.9850916251865385 0.16431941691079419 0.023258783065049058 -0.04530616099135008
47.058410632 0.9850899946749567 0.16432999746968854 0.023234202024279213 -0.04531584909500112
47.098065394 0.9850891919574312 0.16433346096946455 0.023226585444284038 -0.045324642558461095
47.131489266 0.9850917554204107 0.16431788021336674 0.023218736167343816 -0.04532943784904878
47.164887777 0.985087983476149 0.1643477887448214 0.02322677040815556 -0.04529885519512278
47.204798797 0.9850864669583731 0.16435390659210702 0.023240903248003552 -0.0453023886743294
47.244679503 0.9850883252076603 0.16434491339208274 0.023240704058843754 -0.04529470892460894
47.278073182 0.9850868091237248 0.16435602694682905 0.023243304841396837 -0.04528602076514742
47.31797644 0.985084884154189 0.16437211018212086 0.02324173811771763 -0.04527032156360352
47.351377115 0.9850918735540075 0.16432617350054635 0.023257594843295325 -0.04527685548521116
47.391368289 0.9850961971074246 0.1642980461292525 0.023284706776214525 -0.04527092790020942
47.424728782 0.9850960800338959 0.164296914333633 0.023283531779558886 -0.04527818669259249
47.464763814 0.9850959816854873 0.1643001574770029 0.023265108379136312 -0.04527802836084201
47.49812879 0.9851001842307444 0.16427121738721998 0.023259473443763744 -0.04529449262099106
47.544764175 0.9850990113129019 0.16428422156576933 0.023275837073919437 -0.04526442160660898
47.584685043 0.9850989107717101 0.16428813247779644 0.023272604062306967 -0.045254076319240645
47.618150455 0.985099147699179 0.16428482940274203 0.02329174834890534 -0.04525106064297849
47.658036516 0.9851001770455786 0.1642756415371873 0.023293825373946205 -0.04526093770309667
47.698320944 0.985101613837245 0.16426977232643397 0.023296225925023676 -0.045249731189555525
47.744710016 0.9851000555096341 0.16429015818353818 0.02329377983819309 -0.04521088784567141
47.784733043 0.9851020513379576 0.16427898339048358 0.023293732721153686 -0.04520803116541019
47.824757918 0.9850989333583081 0.16430635826951842 0.023285961490376254 -0.045180483906230355
47.858092418 0.9850975578347594 0.1643060728998458 0.023303603476781166 -0.045202411674823396
47.898119863 0.9850995326596574 0.1642973292770854 0.02327706755917548 -0.04520482797210109
47.938190075 0.9851044155664158 0.16427159659708512 0.023282193054400963 -0.045189295962346714
47.9782131 0.9851037223993361 0.16428135929031662 0.023274796036519357 -0.04517272378500268
48.018063613 0.9851100648299075 0.16424507091633467 0.023260584737340478 -0.04517368756456328
48.05144853 0.985110052808311 0.1642447027185768 0.023274010813801004 -0.04516837284574371
48.091455818 0.9851125094567088 0.16422741124000784 0.023283154237413502 -0.04517295471925881
48.124837749 0.9851089360415121 0.1642525378728868 0.02327145459014033 -0.04516555473737921
48.158195067 0.9851147295186491 0.1642190498050837 0.0232703729032692 -0.04516152246611241
48.198116521 0.9851163477849029 0.16421167210379245 0.023284629376974668 -0.04514569864990384
48.231586897 0.9851173311166488 0.16419971864634214 0.023291612334268946 -0.045164113242080695
48.278215794 0.9851193816494819 0.16419836376867186 0.02328089990191371 -0.04512982311056189
48.318230356 0.9851212633676986 0.1641942995225975 0.023266443344045283 -0.04511098623651867
48.358136837 0.9851180173949995 0.1642167793052893 0.02327492560464152 -0.04509566538418037
48.398185967 0.9851185281538739 0.16421588479926028 0.02326813927746267 -0.04509126702706315
48.431553419 0.9851180115718028 0.16422059618706975 0.02327632558894382 -0.04508116826190802
48.471349097 0.9851229428777332 0.16418738040941303 0.023285121989631924 -0.045089850566808795
48.504855517 0.9851273865633469 0.16416221180406715 0.023301388106058703 -0.045075999942292236
48.544826894 0.9851301214350704 0.1641477488970835 0.023292826616209537 -0.045073324722842985
48.591483892 0.9851348821984165 0.1641133083388894 0.023303537380265825 -0.045089145562356395
48.624883459 0.9851406024454568 0.16407302154272974 0.02332194085102375 -0.04510126484016675
48.664893615 0.98514535360224 0.16404285327645832 0.023304492512747334 -0.04511624090678694
48.711386464 0.9851450295414176 0.16404479073072048 0.023289588967460705 -0.045123967574675954
48.751380047 0.9851436078822831 0.16405442007465948 0.023306604331310505 -0.04511121032725019
48.784778287 0.9851454472593332 0.1640419591774589 0.02330587461477698 -0.04511673283682733
48.818273904 0.9851483193920809 0.1640197178379898 0.023289559143096883 -0.045143298442016054
48.858036599 0.9851520451222504 0.16399334983817088 0.023299665565467018 -0.04515257229483613
48.89813551 0.9851492399757901 0.1640054203922021 0.023296328382791026 -0.04517165196206107
48.931477597 0.9851472230539974 0.1640205791386148 0.023278386294630835 -0.045169849009588835
48.964952838 0.9851427785392257 0.16404791753486384 0.02327967099124993 -0.04516684141079484
49.011495092 0.9851448085281441 0.16403370414195254 0.02328365351699433 -0.045172133162130056
49.051424219 0.9851474210910788 0.16401622118707956 0.023299678274266048 -0.0451703763258984
49.09146458 0.98514792000944 0.16400713234949316 0.023288626484221874 -0.045198187088071815
49.131350808 0.9851514376780537 0.16398383783044532 0.02328932284304882 -0.04520567677598258
49.164774168 0.9851563335640294 0.16395389784183634 0.0232962249189036 -0.04520402333504695
49.204672175 0.9851566805265335 0.1639477250988218 0.023288807128982132 -0.045222668114252754
49.238023207 0.9851603106205966 0.16392717226937753 0.023297272722410913 -0.04521373301767016
49.271367704 0.9851590857107644 0.16393465730171966 0.02329351097479203 -0.045215222252754636
49.311453841 0.9851580652074031 0.1639403592939055 0.02327869434432563 -0.045224413108572226
49.358089665 0.9851588560418885 0.1639321338618159 0.023280454085601705 -0.04523609518202902
49.398124711 0.985156341867982 0.16394372300646884 0.02330282083384972 -0.04523733309181314
49.431509419 0.9851576049309441 0.16393773397600298 0.023319768592380292 -0.04522279533970988
49.464898063 0.9851570964975372 0.16394384657416153 0.023297858048243632 -0.04522300522271498
49.504869033 0.9851619498735427 0.16391491713121562 0.023282608118234027 -0.0452299969316709
49.544709239 0.9851665410623321 0.16388692278036432 0.023273666309684655 -0.04523604060225202
49.578111491 0.9851686127715275 0.16386179166616566 0.023307971232181163 -0.04526429187359785
49.618242122 0.985167745190388 0.1638756795228297 0.02331095809281583 -0.045231346765411025
49.658136199 0.9851731474758227 0.1638420411053168 0.02333986209781802 -0.04522063573502112
49.704808801 0.9851768399491213 0.1638215764333594 0.023321962890671986 -0.045223568741074735
49.744682188 0.9851774462679039 0.1638218934848725 0.023322609106233936 -0.04520887617006656
49.791383795 0.985182055712294 0.16379942442749684 0.023317938400351672 -0.04519224942926492
49.82473663 0.9851805368024918 0.16381226747519023 0.02329824817233559 -0.0451889650500114
49.864924221 0.9851821864055603 0.1638003084608859 0.02329511152484757 -0.04519796805525003
49.904842708 0.9851833891961976 0.16378888328649321 0.02328533005347656 -0.04521819067540934
49.938215871 0.9851870863023563 0.16376652525933366 0.023279688983747757 -0.045221524392457094
49.971616199 0.9851834460970587 0.16379486325298626 0.0232570650207378 -0.04520983559891453
50.011537465 0.9851834592551281 0.16379187009387242 0.023246262721782773 -0.045225945769231626
50.051515038 0.9851875672738277 0.16376816706043099 0.02323981971687439 -0.04522560697515503
50.0980154 0.9851868212716072 0.16377566369665442 0.02322434986991773 -0.045222657447196245
50.13137918 0.9851842069262788 0.16378874100946647 0.02321498630348593 -0.04523705508210976
50.164738083 0.9851859646024611 0.16377651873360866 0.023227593688208974 -0.04523655549745049
50.204809625 0.9851848939563844 0.16378424117214127 0.02322015615716566 -0.045235731583013486
50.238198398 0.9851866111409646 0.1637749985842716 0.02320702897774934 -0.04523853305899284
50.278053039 0.9851855165410869 0.16378360413516274 0.023209710377561758 -0.04522983924753438
50.324733024 0.9851882300962522 0.16376357335812086 0.02322085088398252 -0.04523754419746229
50.364737985 0.9851908548743681 0.16374194124083033 0.023219531786318377 -0.04525935808449458
50.404849311 0.9851938812158902 0.1637214851977043 0.02320825352542498 -0.045273266589983895
50.451446611 0.9851947163714658 0.163713197155744 0.023188931186063695 -0.045294959777437076
50.491373491 0.9851975775506674 0.16369534589333254 0.023178169487006763 -0.04530275245932328
50.531580175 0.9851952479610431 0.16370668199841693 0.023168896698382246 -0.04531719198966096
50.578070366 0.9851951748805293 0.16371212778614835 0.023139340640972686 -0.04531420883736349
50.611409429 0.9851937530450492 0.1637150166522177 0.023151284691826573 -0.04532858149879408
50.651519378 0.985191835443892 0.16372151371896265 0.023170256583927747 -0.045337098827583015
50.698053391 0.9851952417188252 0.16369876441718834 0.023189485970563348 -0.04533539415613987
50.73809671 0.9852000892283144 0.16367046896619478 0.0231948333419191 -0.04532947693442041
50.778015933 0.985195318390911 0.16369194853347044 0.023211164606296474 -0.04534724295441419
50.824701272 0.9851918744803352 0.16370995481880649 0.02322328010367757 -0.04535085900370521
50.858212717 0.9851891036897666 0.1637339800453188 0.023217520711878253 -0.045327259805407596
50.898242977 0.9851921554968585 0.16371300529761246 0.023213405521421124 -0.04533879627841909
50.9315903 0.9851947900037137 0.16369813969543567 0.023209379465420565 -0.04533728614090553
50.971394147 0.9851975687930783 0.16367956973130537 0.023211060525990142 -0.045343087301612024
51.004878794 0.9851960463079802 0.1636811764509998 0.02321198497249724 -0.0453698861402297
51.04475597 0.985194327893158 0.16369641454008896 0.0231836717873396 -0.045366700522794935
51.091379681 0.9851994430079685 0.1636721805389587 0.02317148504687521 -0.04534927888218133
51.131518526 0.9851950018303174 0.16370006455870711 0.023170278354356387 -0.04534573224701389
51.171306091 0.9851929753508191 0.1637112800996483 0.023140626914725786 -0.04536440756285194
51.204679163 0.9851910192164146 0.16372259555866564 0.02315316280238387 -0.04535965620573175
51.238052913 0.9851884077209057 0.16373994665652594 0.02314510406763175 -0.04535785840362347
51.278017466 0.9851848192355799 0.1637592401813929 0.023170801508828484 -0.04535302812833247
51.311483798 0.9851844352577539 0.1637676644720827 0.023158802456418538 -0.0453370760857461
51.351456035 0.9851847633184537 0.16376221330994092 0.023159318076968916 -0.04534937268807268
51.384901643 0.9851850305709167 0.1637578251965274 0.023167451388340376 -0.045355257931740764
51.424728899 0.985179913746407 0.1637937563215468 0.023170045855553198 -0.04533532745830095
51.471525641 0.9851761107562282 0.16382336147678828 0.023152713509349974 -0.0453198509136066
51.5115384 0.9851744956417307 0.16382548959954654 0.023165756500210834 -0.045340597926180136
51.551400842 0.9851738940931801 0.16383310534062162 0.02315058157281241 -0.04533390083115432
51.591329066 0.9851724614932644 0.163837074724045 0.023155172010232268 -0.04534834142884236
51.624702943 0.985172648614884 0.16383764395903927 0.02314347033145414 -0.045348193173518535
51.658184433 0.9851748349864252 0.16382365949054345 0.023155469512714404 -0.04534509160032963
51.691518695 0.9851757271974824 0.16381869006131747 0.02313869199197416 -0.04535222442622118
51.724886966 0.9851775709419357 0.1638087300727524 0.023142865706415584 -0.04534601891891332
51.758273446 0.9851792620694526 0.16380611660553474 0.023141077522408453 -0.045319623586306236
51.798078791 0.9851771502853841 0.16381724329912128 0.023147403337912428 -0.045322081507344146
51.831421357 0.9851794295433302 0.1638021539451555 0.023148176809413893 -0.04532667953872604
51.864920652 0.9851770085824859 0.16382286757357162 0.0231368393159889 -0.04531022497078118
51.898259612 0.9851748516820443 0.1638359830197686 0.023135919762041227 -0.04531016991772109
51.938145999 0.9851750549152696 0.16383268777819837 0.023150645354372258 -0.045310144644915964
51.978184933 0.9851750798206189 0.16383114186451278 0.023159432215602814 -0.04531070243615769
52.018257004 0.9851700018322235 0.16386214674804206 0.023148048548026746 -0.04531481216377434
52.057964541 0.9851702392415567 0.16385834210914524 0.023148376600506997 -0.04532324011737987
52.098025919 0.9851675963493622 0.16387466239740558 0.023150306514276714 -0.045320695445365614
52.131448976 0.9851619583893698 0.16390882701916187 0.023138145568550143 -0.04532591297781946
52.17135997 0.9851599864556552 0.16391998720988327 0.023141779454467083 -0.04532655869891082
52.204828192 0.9851572764179974 0.16394018540614375 0.023133824993140584 -0.04531647019417411
52.24472672 0.9851567711911068 0.16394601981639134 0.023104130245383655 -0.0453214952123275
52.278150378 0.9851573571840697 0.16394606708490933 0.023100154720867287 -0.04531061161981791
52.311536551 0.9851559622808037 0.16395778091975977 0.023103210477305423 -0.045296994647473235
52.351506593 0.9851541777702864 0.16396450931026788 0.023097854254040078 -0.04531417920754335
52.398019864 0.9851536829817201 0.16397276778398692 0.023089418805354707 -0.04529934957637159
52.431812349 0.9851541550528624 0.16397303672058156 0.023095234058973003 -0.045285142977281714
52.465421537 0.9851545907071833 0.16396324022851527 0.023109838469677325 -0.04530368228117976
52.511545235 0.9851536045162969 0.16397004044358043 0.023117117406898702 -0.045296801523660835
52.551422252 0.985151064590182 0.16397520036294388 0.023150074913258493 -0.04531652716475391
52.59129579 0.9851488051125545 0.16398522293735376 0.023178318418387626 -0.045314942334603446
52.624725695 0.9851479715067889 0.1639904735294798 0.02319675413004145 -0.04530462918363132
52.664650113 0.9851456190681787 0.16400653870079587 0.02317956080851464 -0.04530642840573297
52.698339005 0.9851480302068585 0.16399316794323512 0.023158136470715577 -0.04531335523543301
52.744698818 0.9851537274409092 0.1639562099963019 0.02317678276304916 -0.04531369830068827
52.778185175 0.9851536432605487 0.16395485236059434 0.023176706656388234 -0.04532047910654958
52.817988781 0.9851525839982254 0.1639569179878109 0.023193570828731747 -0.04532740404844163
52.851406657 0.9851510181171546 0.1639716439327743 0.02321569982672151 -0.045296829583017964
52.891309819 0.9851486707755389 0.1639871999522634 0.023212226080654243 -0.04529334698811491
52.924724871 0.9851424213330238 0.16402396002642006 0.02321019654639279 -0.045297207459580296
52.958198634 0.985145255658639 0.16400963411389372 0.02321438799768053 -0.04528528857139856
52.991569667 0.9851471327241589 0.1639994562748749 0.0232199547675617 -0.04527845986234858
53.031408398 0.9851450919597436 0.1640117905605863 0.023230834365172773 -0.04527260407173851
53.07802587 0.9851381475299876 0.1640433411985785 0.023248012037739484 -0.04530057864844717
53.118121815 0.9851411478783818 0.16402362617280566 0.023250657452722236 -0.04530536107354279
53.158062978 0.9851431930977038 0.16401427679879604 0.023247520754423077 -0.04529634508656013
53.191572014 0.985143056430207 0.16401223627211142 0.023264682833272033 -0.04529789457622019
53.231638411 0.9851430449714673 0.16401545588855784 0.023254523021457602 -0.045291702695510194
53.278119478 0.9851401559903704 0.1640300679528277 0.023252415302908683 -0.04530270461286615
53.311550507 0.9851372747719952 0.1640478765852933 0.02322791459220242 -0.045313442005216725
53.344928706 0.9851350076945828 0.16406431267180457 0.023227120810235733 -0.04530362878389851
53.384904975 0.9851359772087674 0.16405985288819325 0.02320784827037984 -0.045308573779035424
53.431445875 0.9851371199791807 0.1640468666809342 0.023237447716407608 -0.04531557563267162
53.471561548 0.9851390917988981 0.1640306152458073 0.023234119238378897 -0.04533324139018549
53.5116678 0.985133934931173 0.1640555295818551 0.02323649889721329 -0.045353925735710746
53.55139872 0.9851352591458811 0.1640462944964453 0.023242296910199897 -0.04535559594913937
53.598150052 0.9851388124595889 0.1640277173699327 0.02324989855272041 -0.04534170637954332
53.631563406 0.9851384078337758 0.16403663107271038 0.023246629773583737 -0.04531992146086193
53.671452163 0.9851345710812826 0.16406363893761056 0.02322460103627328 -0.04531685277855087
53.718206709 0.9851371271702433 0.16404324933110948 0.023234033434131635 -0.0453302626292107
53.758383148 0.9851285441677038 0.1640926701558542 0.02322803293804465 -0.04534099197163412
53.804815968 0.9851287878720398 0.16408335214244918 0.02323535072155537 -0.04536566248065738
53.8381527 0.9851318857492355 0.1640665452724318 0.023242057207626125 -0.04535574031235677
53.87797854 0.9851356417947642 0.16404249764625062 0.023230848291862363 -0.0453668813038591
53.911381458 0.9851354411528259 0.16404274686230944 0.02322575685488896 -0.0453729435348105
53.95130758 0.9851356792154433 0.16404004654298945 0.0232424075376894 -0.04536901099597492
53.984668677 0.9851325893918328 0.16405105672137907 0.02327697899651538 -0.045378567138433586
54.018035292 0.9851313809618221 0.16405662874053628 0.023268554849966806 -0.04538897625786888
54.058077229 0.9851338908826571 0.1640455823498271 0.023253040255833385 -0.04538237614717678
54.098334463 0.9851388572178529 0.1640126978788249 0.02326427156760258 -0.04538767015876749
54.144922971 0.9851362228895528 0.16402715814782975 0.023270156986547674 -0.045389575176174146
54.191367355 0.9851333128462801 0.16404551854103894 0.023273951943972943 -0.04538443486510167
54.224707079 0.9851343265442835 0.16404546930535874 0.02327586353455038 -0.04536162300057984
54.258191398 0.9851335999501527 0.16405312242726922 0.023265838203322724 -0.04535486791748914
54.291604908 0.9851342565704218 0.16404748843577233 0.023268888023089743 -0.04535941930323528
54.331425805 0.9851354248650123 0.16404315044064474 0.02325467709841887 -0.04535702219710109
54.364966055 0.9851340505842948 0.16404924273275423 0.023256517031226928 -0.045363892621402245
54.411547592 0.9851361006648036 0.16403587944272224 0.02327534615360128 -0.04535803880051407
54.458159936 0.9851424198840324 0.16399434295493467 0.023259896098509168 -0.04537890762566531
54.498363296 0.9851458773620063 0.16397572418857334 0.023246184644570032 -0.04537815656178944
54.544680524 0.9851489247903223 0.16395480357532763 0.023225565100798047 -0.045398144177887255
54.57810816 0.9851507831827685 0.16393829068442145 0.0232354019611032 -0.045412413914632285
54.624771819 0.9851533766102253 0.1639236743605023 0.023229357354743154 -0.04541200826333634
54.664933476 0.9851549253972356 0.16390920277040294 0.02325707645574107 -0.04541645745178775
54.711346275 0.9851582107055407 0.16388384907558748 0.023259421999392415 -0.04543548370912127
54.744701815 0.9851623536978683 0.16385803694358494 0.023236844506521647 -0.04545029860023762
54.778138349 0.9851617427263871 0.1638655486660949 0.023218295520677185 -0.045445939112115995
54.811475204 0.9851635193649815 0.16385470844318878 0.023219637299632747 -0.04544582573873002
54.858020661 0.9851630572427149 0.16386182796978432 0.02322732449710904 -0.04542624104297169
54.891382813 0.9851612695915819 0.16386744039369708 0.02323099883808366 -0.045442882484562186
54.931483312 0.9851606910111179 0.16386939335827624 0.02325045924017104 -0.045438430342700946
54.964945134 0.9851574549892157 0.1638866438355433 0.02324933243017576 -0.04544695141640005
55.011398797 0.9851609004344719 0.16386639956688204 0.023232600006521022 -0.04545381881717301
55.051396044 0.9851616638571988 0.16386285122254235 0.02322279016933951 -0.04545507751709835
55.084739057 0.985161588644492 0.16386540098780705 0.0232023395548444 -0.045457959234305324
55.124964288 0.9851583168746233 0.16387721260987553 0.023210637369348436 -0.045482042532034424
55.171414018 0.9851521718548628 0.16391397242607306 0.0232114769548824 -0.04548225226090466
55.211377442 0.9851475720573672 0.16393755729026702 0.023216175810645008 -0.045494480543292866
55.244801 0.9851476309980365 0.1639438301501787 0.02320888778181938 -0.04547431387692378
55.28471982 0.985149199616161 0.1639261893550852 0.023207685600285754 -0.04550453019465939
55.331354484 0.9851462274229771 0.1639446044569231 0.023221524430327385 -0.045495473037116166
55.371349895 0.9851469650544141 0.16393263386721657 0.02322306757008972 -0.04552184014370785
55.404704765 0.9851454068130825 0.16394553924867594 0.023222104920819102 -0.04550957524075141
55.444751432 0.9851470175998354 0.16393548055269344 0.023212571831322058 -0.045515804278108765
55.484693376 0.9851472629093809 0.1639361038182907 0.02322059756805854 -0.0455041547071934
55.524868048 0.9851538741678331 0.16390459462426826 0.02320740386598119 -0.04548125414898917
55.564804479 0.9851576081309985 0.16387370846180932 0.02319951119767269 -0.04551568407453543
55.611344946 0.9851593808738088 0.16385670423409276 0.023213008547557052 -0.04553164820260576
55.651465898 0.9851587592612459 0.16385834867331428 0.023196094120569135 -0.04554779729522651
55.691350113 0.9851548410123182 0.16387785138557037 0.023195151222562656 -0.04556285784501901
55.724772468 0.9851515482600676 0.16388916661793773 0.023205341484200358 -0.04558815803113046
55.77147902 0.9851525425735794 0.16388842127321593 0.023179404770631344 -0.04558254521046426
55.804856274 0.9851498602329611 0.163906027852589 0.023171252530734845 -0.04558135553842749
55.844796568 0.9851415296937694 0.16395789923439585 0.023177631519730388 -0.04557160462831372
55.88485616 0.9851399601962342 0.16395843676562014 0.023189571057553357 -0.045597517828310175
55.924753518 0.9851391880363991 0.16395616195833018 0.02317963049140976 -0.045627424660613106
55.971371755 0.985134474688911 0.16399456380269664 0.023175815807252528 -0.04559310676226049
56.004714228 0.9851348081254656 0.16399092223829123 0.023177635383366008 -0.04559807519043642
56.045039414 0.9851334265474413 0.16399509310823512 0.023175137143442343 -0.04561419026685799
56.091398535 0.9851288885755164 0.16401974491522253 0.023144949514760312 -0.04563888127323544
56.131418064 0.985130152506148 0.16401233194917303 0.023126890660681958 -0.04564739335577459
56.171373504 0.9851308471182062 0.1640051225149074 0.02315440475657499 -0.04564435765135209
56.204723354 0.9851268167937539 0.16402889262855935 0.023150965083022355 -0.045647672805731974
56.244720344 0.9851345831390657 0.16397215112094424 0.023149555513502243 -0.04568462366832889
56.284712402 0.9851356496122143 0.16396340223825254 0.023155546662461453 -0.045689990680017965
56.331379362 0.9851299570212937 0.163997753507665 0.023164273868178865 -0.04568501986234988
56.371392772 0.9851337976011966 0.16397610206425095 0.023188238596697348 -0.04566776069002752
56.404728533 0.9851307949425756 0.1639986973629726 0.023189809649960966 -0.04565059525850635
56.438068762 0.985128621507076 0.16400908929671137 0.023188570724300344 -0.04566079175173854
56.471495305 0.9851235975574648 0.16403752498065766 0.02318831797470355 -0.04566716373021675
56.511312534 0.9851243929761122 0.1640353183826186 0.023203274594940565 -0.04565033115576907
56.544681805 0.9851171134094308 0.16408692743392622 0.023152309494186507 -0.04564782227280827
56.57815628 0.985104836866632 0.16416848450281055 0.023113087728689957 -0.04563939366011202
56.611497704 0.9851130392946312 0.16411792125567323 0.023107737452948817 -0.045646907937083245
56.651365203 0.9851087950126106 0.16416341826228717 0.023090773061623878 -0.04558344318566059
56.68471623 0.9851017028638824 0.16420128261173098 0.02306853814644447 -0.04561158132676069
56.718347342 0.9851025841347791 0.1641938472582614 0.02308963383299502 -0.045608640222764646
56.758156045 0.9851036778311308 0.16419954763644784 0.023072557438917934 -0.04557312336008268
56.804891797 0.9851086660081965 0.16416900349328598 0.023057020234058208 -0.045583201571404136
56.84501296 0.9851101263918457 0.1641623089222025 0.023090679240735882 -0.04555870654194062
56.891612712 0.9851078686839979 0.1641714504668038 0.02306594258581738 -0.04558710564539933
56.924978368 0.9851104302608793 0.1641523582074842 0.023066742417796958 -0.0456000973724653
56.964935094 0.9851092378114292 0.1641628406845171 0.023057031147463363 -0.045593032709395125
57.00490451 0.9851129879407907 0.16413707648163026 0.023069254404006694 -0.04559858129014855
57.044657051 0.9851139485098872 0.1641305009918552 0.02307778063690483 -0.045597183425040065
57.078010307 0.985112186004947 0.1641361933961505 0.023096620071449105 -0.04560523153379872
57.111376939 0.9851132035449 0.16413590000937106 0.02311111405633918 -0.045576956202594145
57.151484094 0.9851097841213451 0.1641587774980402 0.02311981431601431 -0.045564055841626344
57.191372419 0.9851096514189309 0.16416225428813072 0.023124838451738332 -0.04555184732689394
57.231354065 0.985113070503333 0.16413846802146162 0.02313815986164331 -0.04555685675373129
57.264718929 0.9851143082461353 0.16412606782269631 0.0231401115400981 -0.045573773024732596
57.304731859 0.9851150636565057 0.16412915555731572 0.023143599662057632 -0.04554454355643416
57.344672803 0.9851162727370639 0.16413473435325512 0.02311083533515181 -0.04551491467126592
57.378226337 0.9851149775898422 0.16413516309580398 0.023139890090507983 -0.045526636711685796
57.424763852 0.9851184121007805 0.16411362161998644 0.023146772426017537 -0.04552647872466013
57.458126683 0.9851172283777144 0.16411260462898483 0.0231457409071244 -0.045556273258035185
57.49158539 0.9851181699093832 0.16410954196927238 0.02314835188998594 -0.045545618382021556
57.53151284 0.9851167638046976 0.16412129859805136 0.023146519025516007 -0.04553459865256741
57.571435214 0.985114479017488 0.16413232021823956 0.02314744229045914 -0.04554383169310921
57.604900338 0.9851104431115214 0.16415541928910554 0.02315479200700606 -0.045544141201170736
57.644830856 0.985109546461724 0.16416164822387003 0.02316725538566542 -0.04553474497890896
57.691336158 0.9851089098426059 0.16416263679055526 0.0231529121494011 -0.045552245715078786
57.73152296 0.985103257619407 0.16420134183307566 0.023154107474235075 -0.04553436586712621
57.771334648 0.9851037684122828 0.16418796133661287 0.023173324684301933 -0.04556178042090298
57.8114138 0.9851069732440062 0.16416856117787526 0.023193278128867116 -0.04555224074023402
57.851545711 0.9851078178173223 0.16416709749825525 0.02318845336175918 -0.04554170621398985
57.891536959 0.985105649927096 0.1641798078313513 0.023177433671424386 -0.04554838911071549
57.931339872 0.9851123197736246 0.16412698976088116 0.023207740203149793 -0.045579046248497686
57.964768208 0.9851155839216281 0.16410904381629124 0.02323054132426862 -0.04556149692705069
58.004659988 0.9851145474936545 0.16411382478256975 0.02322039506604761 -0.04557185627758734
58.038090969 0.9851154200267775 0.1641100038471585 0.023225736832407154 -0.04556403199172433
58.077993093 0.9851150934118805 0.1641132862948739 0.023225509382047156 -0.0455593866019198
58.111404848 0.9851133735594153 0.16411647579150523 0.023228520203959557 -0.04558354371150503
58.144829076 0.9851104625708532 0.16413201956625298 0.023233757893913454 -0.04558781833637037
58.184830993 0.9851072663612206 0.16414777742138803 0.023240579975104023 -0.04559667062804463
58.22468797 0.9851048131306319 0.16416534252459739 0.02322510037741168 -0.045594321719963624
58.258155705 0.9851047317580289 0.16416586764728447 0.02322848327281211 -0.04559246574162056
58.291536732 0.9851094575774753 0.16413469268958517 0.02324300135861913 -0.045595198595370826
58.331517391 0.9851118067508752 0.16411683993401038 0.02323819635999646 -0.04561115302242559
58.37151934 0.9851147620310562 0.16410584820016438 0.023243728784273273 -0.04558404641103584
58.411530975 0.985115224254535 0.16410091829327975 0.023258202379805373 -0.04558442255090795
58.458139978 0.9851150673627356 0.16410959394295152 0.02322885646993299 -0.045571542193474555
58.498155335 0.9851152804265435 0.16410434370289326 0.02323828615999688 -0.04558103448059674
58.544911783 0.985114024751914 0.1641140531456567 0.02324015421971543 -0.045572261618596635
58.584732212 0.9851159138819693 0.16410101579421013 0.02322240448956855 -0.045587418895171324
58.631477332 0.9851203489102698 0.1640766928450955 0.02323613126799198 -0.04557213218208295
58.671360628 0.985124657178647 0.16404913973990448 0.023240272329196444 -0.04557608266750889
58.704728736 0.9851247997105848 0.1640457727378293 0.023253731874460958 -0.04557825573603451
58.738129217 0.9851287989360978 0.164021429723966 0.02325448260998309 -0.04557904273424046
58.771565956 0.9851255660868926 0.16404334690794362 0.023251416938894088 -0.04557160286355132
58.805023545 0.985130019026786 0.1640224193385948 0.023245383794396307 -0.04555374516820328
58.844698641 0.9851249451868982 0.16405188188509273 0.023254006093807875 -0.04555297598466437
58.878092106 0.9851226266602451 0.16407206445722244 0.023237728406588134 -0.04553873170462839
58.911457445 0.9851254668790648 0.16405483398384665 0.023250819707774435 -0.04553268425816538
58.944801553 0.9851308469345903 0.16401796933207832 0.023256326661666014 -0.045546277831720036
58.984833318 0.9851264884258071 0.164039969849997 0.023259962675230183 -0.04555945818155679
59.024807692 0.9851277356550096 0.16404290299026655 0.02323738345887233 -0.045533443003412735
59.064721367 0.9851276345186584 0.1640420405509223 0.02321804554622329 -0.045548600423897107
59.098173931 0.985130726765751 0.16401823922361278 0.023231258389745452 -0.04556069597359101
59.144819394 0.9851280545903162 0.1640248430602251 0.023240962361268918 -0.045589742121333925
59.191343676 0.9851253469313637 0.16403625250200107 0.02327419167251936 -0.045590247865647006
59.224818101 0.9851262190452745 0.16403556843282655 0.023272328549762047 -0.045574812806562136
59.27153859 0.9851307010240878 0.16400769138589422 0.02324514559194146 -0.04559212950135528
59.304931854 0.9851312737496588 0.16400258063448173 0.023260403354689776 -0.0455903571096174
59.344659073 0.9851257781428219 0.16403008628454777 0.02325790399820698 -0.04561142327963197
59.378010439 0.985126485567829 0.16402340243306388 0.02327631135755524 -0.04561079057246619
59.424736903 0.9851260276998475 0.16402734549325426 0.023293473322516436 -0.04559773655927912
59.45820457 0.985133291570404 0.16398342463652033 0.023289756201274308 -0.04560067477818057
59.497898848 0.9851336974368666 0.16397979962248693 0.023299250482591655 -0.04560009229252283
59.537744464 0.985132953794114 0.16398586805297283 0.02331061676163651 -0.045588524586667054
59.583940447 0.9851327682194574 0.16398552038985736 0.023316952754981125 -0.045590545039059446
59.623426498 0.9851332826242843 0.1639772395314245 0.0233267311732464 -0.04560421026974131
59.663336797 0.9851367521959944 0.16394452610837773 0.023340949202471577 -0.04563958722595001
59.709467499 0.9851443818351209 0.16390503925685834 0.023349920384201726 -0.04561212846334723
59.749103102 0.9851424713448322 0.16391437887365462 0.023343585166413335 -0.04562307072785697
59.788645642 0.9851441105561279 0.16390125242642004 0.02334653001994614 -0.0456333258228494
59.82859465 0.9851429088257162 0.1639057659210702 0.023343489327995078 -0.045644611886047626
59.874509741 0.9851405790572055 0.16392624005604509 0.02332730241966352 -0.045629642533593154
59.914216949 0.9851429467195677 0.16391375039577694 0.023293664387734007 -0.04564057579905677
59.960483528 0.9851394752892084 0.16393762889059682 0.023282336858277315 -0.045635521811961934
60.000019993 0.9851394360040153 0.1639334184101927 0.023287125251738823 -0.04564904988660126
60.046329662 0.9851417191404168 0.1639210680694143 0.02329479743603667 -0.04564021323855487
60.086089159 0.9851455875607771 0.16389107135627928 0.023295493577372782 -0.04566407798487549
60.125709326 0.9851448931494384 0.16390188939124617 0.023281734947088517 -0.045647244970697554
60.165221902 0.98514461375727 0.1639039265312749 0.023296461499106105 -0.04563844579179271
60.205032053 0.985141850430902 0.16391937063796724 0.023259946856456624 -0.04566124539985846
60.251175442 0.9851450263642247 0.16390406234171545 0.023267575589847708 -0.04564378713346384
60.290680553 0.9851474534819264 0.16388765497110977 0.02329413678658424 -0.04563676848237558
60.33705554 0.9851449596861833 0.16390187906078735 0.02325912477932661 -0.04565737136269345
60.376518725 0.9851423809101788 0.16390806220482734 0.02326423539997754 -0.045688202308004765
60.422824707 0.9851420469703596 0.1639085800195904 0.023242699043194526 -0.04570450336891153
60.462575615 0.9851413503542547 0.1639112853830165 0.02325238663513086 -0.04570488882005245
60.502138073 0.9851444495935553 0.16388928369128797 0.023284347417227475 -0.04570071434366619
60.548530774 0.9851418827023145 0.16389529643991224 0.023290289297065694 -0.04573144623857343
60.59489556 0.9851434502636419 0.16388422568147723 0.02328522479417485 -0.04573993093255427
60.634328463 0.9851390578738558 0.1639062263146506 0.02329537526652931 -0.04575053134001927
60.680854944 0.9851369616961085 0.16391811285759664 0.023266463866986865 -0.04576779038243564
60.720435124 0.9851436721994797 0.1638779395080505 0.023265106153305064 -0.04576790254747901
60.766787461 0.9851433407468747 0.16388490605955974 0.023233115534489552 -0.0457663423325206
60.806262087 0.985145572042016 0.1638688901028123 0.02325818138192517 -0.045762929771672956
60.846009464 0.9851462885957913 0.163867131844242 0.023239526121482793 -0.045763277775182916
60.885708214 0.9851420202722289 0.16388516783454282 0.02322260537278888 -0.04579915127483235
60.931914727 0.9851442914805193 0.16387596567215232 0.023188493268221713 -0.04580050893073897
60.965262414 0.9851417593114478 0.16389004107116922 0.023188210985167528 -0.04580475269820148
61.004733326 0.9851419805336745 0.1638881086618456 0.023187995759474837 -0.04580701782577629
61.044372434 0.9851343261221365 0.1639374470277494 0.02316861004299901 -0.04580489566174828
61.084040402 0.9851316886008824 0.163953751238593 0.02315260576869134 -0.0458113568374403
61.130387462 0.9851361331768418 0.16392229525391117 0.023152755840773188 -0.04582826775088545
61.176799513 0.9851305304245811 0.1639543049694909 0.02316704589457083 -0.045826977773726775
61.222998048 0.9851241010299805 0.1639964961530374 0.023153483921847122 -0.045821075955071185
61.262596815 0.9851241533070473 0.16399818060837418 0.023162766555956407 -0.04580923022372842
61.302518478 0.9851210419921268 0.16401735769582945 0.02315434158565275 -0.045811739374962
61.342122252 0.9851241877568109 0.16400638337511952 0.02314201183522804 -0.045789607957648575
61.38166396 0.9851299630389022 0.1639676218250088 0.02311872042631261 -0.04581593262034674
61.428127129 0.9851323277113413 0.1639536805863585 0.023101089062363515 -0.04582387155570295
61.467634078 0.9851357360453852 0.16393167587019106 0.02309474581080809 -0.045832520426462235
61.514087803 0.9851354750754092 0.16392995525928716 0.023104638160233837 -0.045839297683543376
61.560459438 0.9851344122935108 0.1639372267545705 0.023118766330593128 -0.04582900874436374
61.600280591 0.9851335210635597 0.16394054542444125 0.023121322740014875 -0.045835004937296246
61.646374838 0.985129376858268 0.16396327770649194 0.023116225868399117 -0.04584533254526242
61.692994206 0.9851244767524062 0.16398661234853368 0.02313911964687956 -0.04585561487666576
61.73249603 0.9851246398616733 0.1639901304566927 0.02312417731132623 -0.04584706614255329
61.779080936 0.9851272335194999 0.16397642114514097 0.02310047650388456 -0.04585231806508179
61.818546621 0.9851290388979455 0.16396715502311865 0.023109530538088213 -0.0458421028307388
61.865137788 0.9851260547366476 0.16398975264246599 0.023110423340009303 -0.045824945611710126
61.904658132 0.9851266735575166 0.1639941031233567 0.02309339329873854 -0.045804654482025815
61.950871241 0.9851246943568586 0.16400503777741693 0.023119421364901527 -0.04579493976070199
61.990579987 0.9851245953882828 0.16400548746019203 0.02311655817858907 -0.045796903628880455
62.030403079 0.9851224991641476 0.16401906154864074 0.02309689772893427 -0.0458033012411365
62.076685171 0.9851215951281168 0.16402106021700635 0.02310036960112617 -0.04581383570293483
62.116384197 0.9851259900748173 0.16399990912557866 0.023084893230134063 -0.04580285133554855
62.162934243 0.9851308090871769 0.16397202069196495 0.023093886744737318 -0.04579451727510018
62.202516598 0.9851306296053804 0.16396460374753977 0.02310100083848367 -0.04582133882242644
62.249039506 0.9851266577907708 0.16398892584071562 0.0230945209258882 -0.04582295728996203
62.295461891 0.9851309390297158 0.1639574047034745 0.023085320443517673 -0.04584834118429571
62.334867889 0.985127710523982 0.16398235071985698 0.023102232246954034 -0.04581996808570677
62.381221947 0.9851227017346345 0.16401030451713963 0.023101210524753876 -0.045828120314287214
62.427601728 0.9851225858481784 0.1640065345042808 0.02310815529012818 -0.0458406004627125
62.467305178 0.9851220555947113 0.16400610347512723 0.02312005222101281 -0.04584753852775558
62.513615871 0.9851190142517595 0.16403232843234228 0.02313455892415263 -0.04581173618289422
62.553440548 0.985117578575105 0.16404284740770653 0.02312462584314189 -0.04580995826573498
62.599968009 0.9851162645034315 0.16405775856095514 0.0231189564442724 -0.04578767432059178
62.646294118 0.9851155630184059 0.1640565999392882 0.023109748791110614 -0.04581155996145088
62.685862697 0.9851159603112927 0.16405955944243455 0.02309410303064565 -0.045800306775435125
62.719268979 0.9851136672840763 0.16407654713274006 0.023089772402757835 -0.045790955673635406
62.758914697 0.9851138387907399 0.16407489943338532 0.02309190126044744 -0.04579209642585361
62.805205961 0.9851093657649282 0.16409445432025624 0.02310841416157904 -0.045809919651698894
62.85159825 0.9851102058625794 0.16409073623237247 0.02309381762337321 -0.04581253295423493
62.891324274 0.9851095558654777 0.164094565858136 0.023111822417464668 -0.04580371232656613
62.931050574 0.9851070441182983 0.16411205441984025 0.023121642571381665 -0.04579011757366135
62.977473536 0.9851100749816637 0.16409500246220088 0.02313600349881583 -0.04577876886345829
63.010816113 0.9851097860468534 0.1640991081430445 0.023125428520534487 -0.045775612471290354
63.050330821 0.9851103550258595 0.16409697532577683 0.023121117279024543 -0.04577319134084903
63.096875607 0.9851017936490565 0.16414936515413586 0.023108867278794833 -0.04577578313909364
63.13644126 0.9851023359260086 0.1641447304728409 0.023123418976047014 -0.04577338425305756
63.176382949 0.9851004444180542 0.16415397142610746 0.02313542565698104 -0.04577488560399894
63.216036946 0.9851022579176869 0.16415379671116173 0.023118907487916344 -0.04574482033357406
63.262353843 0.98509752447251 0.16417501562974043 0.023135269110988115 -0.045762329969851676
63.30209485 0.9851004582121914 0.164163412010793 0.023112387063038305 -0.04575236552740971
63.348499438 0.9850996316592798 0.1641675773741533 0.023123813728063745 -0.04574944242854482
63.388293734 0.9850987798735285 0.16417508510261938 0.02311057761185681 -0.045747530268634665
63.428133662 0.9850996566268347 0.1641724221218104 0.0230953847113089 -0.04574587996079159
63.467800933 0.9851005763795759 0.16416046844038185 0.023097787967584157 -0.045767752938791074
63.507558208 0.9850991273355025 0.16417318608162978 0.023096304022094834 -0.04575407124133259
63.547308846 0.9850966035998467 0.16418243935831822 0.023113235155238332 -0.04576665317736681
63.587248207 0.9850986621208065 0.16417359374148155 0.023108704132308817 -0.04575636348235652
63.633496529 0.9851073044972727 0.1641224073480997 0.023118750353740895 -0.04574885150977786
63.673349043 0.9851063718353357 0.16412274129358312 0.023129533024004036 -0.04576228427201651
63.713135884 0.9851025426771683 0.16414761426032137 0.023139301000272266 -0.04575056166694905
63.75294362 0.9851008748014825 0.1641521942797457 0.023154489263440364 -0.04576235576812202
63.792672031 0.985107056084476 0.16411071212045764 0.02316640133427368 -0.045772044624561095
63.832469156 0.9851049534763929 0.16412319223603278 0.023186804635752616 -0.045762216918672306
63.8788725 0.9851086227632059 0.16410747709948204 0.023192066862882978 -0.04573691454667949
63.918654277 0.9851048984350153 0.164126848622482 0.02319311598537157 -0.04574708746445501
63.965122338 0.9851061532546483 0.16412158436490787 0.023204397801162728 -0.04573322958273662
64.004923035 0.9851048572990748 0.16413228892466902 0.023230804600611485 -0.045709316071527714
64.044613236 0.9851036758171515 0.1641416154878397 0.023235226231693645 -0.04569903958006907
64.084442295 0.9851016483224623 0.16414814756866916 0.02324863357075954 -0.04571246174988747
64.130873745 0.9851074252150533 0.16412190477576763 0.023243772362236032 -0.045684660503438855
64.17064507 0.985107158474803 0.16412746048454196 0.02323273151164266 -0.04567606838490516
64.210385379 0.9851102506592865 0.1641066029529498 0.023243380054480373 -0.04567890319265386
64.250411348 0.985115408053709 0.16407267555427163 0.02326096154356333 -0.04568060441485222
64.290001767 0.9851179114337931 0.1640473003608899 0.023265247002372872 -0.045715556417307825
64.329799504 0.9851202003872148 0.16403923680337007 0.023249205552971157 -0.045703326128167125
64.376273971 0.9851202740470246 0.16404688036809106 0.023250431188063442 -0.04567367023331523
64.422641148 0.9851173179973094 0.164060753870653 0.023263375623844118 -0.04568100453979908
64.462576884 0.9851241944054708 0.16401598525487848 0.02328343712658703 -0.04568325440920252
64.509031103 0.9851250800684801 0.1640032027965448 0.02327752708718174 -0.04571304874159612
64.548701821 0.9851231428317947 0.1640264931446241 0.02325198745559523 -0.04568422138166367
64.588423854 0.9851198140001567 0.16404875650849254 0.023246903628972422 -0.04567864954198541
64.635100904 0.9851231673146209 0.16403825560066512 0.02325525687337469 -0.04563977374236001
64.67482978 0.9851242846231412 0.16402746945058588 0.023276899962120907 -0.04564338987777812
64.714552372 0.9851223990057028 0.16404034239167442 0.02329444460277069 -0.04562887129789315
64.76104154 0.9851228102570441 0.16403413530150948 0.023280137742487782 -0.045649604092926906
64.800821701 0.9851226829427941 0.16402838449516952 0.023268404901480178 -0.04567898822037198
64.840577537 0.9851256745999406 0.1640158435737473 0.023281989437218754 -0.04565257132571191
64.887036664 0.9851252699550315 0.16401481788170422 0.023309526281696955 -0.045650936417345946
64.927179411 0.9851283524625182 0.16399260005079702 0.023310098625051977 -0.045663942067613005
64.966706706 0.9851319562119134 0.16396745227494797 0.02332915986978493 -0.04566676849002157
65.00646473 0.9851272849077699 0.1639909355753559 0.02332190631449113 -0.045686915689542855
65.046407962 0.9851276717650064 0.16399702151459883 0.023326844913941564 -0.04565419546503153
65.086180139 0.985129082705126 0.1639826519801778 0.023312551471764743 -0.045682657562594105
65.132532464 0.9851296679833039 0.16398538599683393 0.02330323488200868 -0.04566497216257479
65.172395182 0.9851308729747772 0.1639800003696058 0.023283559285429273 -0.04566835291248779
65.212249606 0.9851313543029883 0.16397417874523665 0.023296771037610835 -0.04567213519430046
65.252060358 0.9851343919782096 0.1639628516239003 0.02331166218634447 -0.04563966953420964
65.291894894 0.9851411079822514 0.16391750174014189 0.023305553844859432 -0.045660717764366206
65.338342074 0.9851427166815774 0.16391107354154213 0.023310537040019418 -0.04564653987551034
65.378098461 0.9851400623748733 0.16392385514034027 0.023303114232129548 -0.04566171357980331
65.417963139 0.9851348659292498 0.16395717625852171 0.023315096912641248 -0.04564807268489256
65.457969996 0.9851324762362016 0.16397327334144404 0.023315800097856464 -0.04564146536011408
65.504227627 0.9851252526026918 0.16401006222673975 0.02331601555500605 -0.04566508065800755
65.54403039 0.9851270770584187 0.16399598625057965 0.023290184102203515 -0.045689450254094544
65.583884538 0.9851277085187433 0.16399529681399172 0.02328856127227275 -0.0456791357773812
65.630375516 0.9851220490540324 0.16403101162136835 0.023261085230925255 -0.04568695227233671
65.670163174 0.9851262273929128 0.1640072221877335 0.02326294852766816 -0.04568131345167074
65.710018405 0.9851246075008147 0.16401779287486465 0.023274143554331758 -0.04567259089033866
65.756608223 0.985124053199488 0.16401628403078106 0.023270670446551938 -0.04569173095336166
65.802988149 0.9851229495063669 0.16402673371358859 0.023272445944363306 -0.04567710852160407
65.849403213 0.9851267208896827 0.16400799946163094 0.02323971469239432 -0.04567970624633269
65.88932229 0.9851312624568155 0.16398523513544178 0.0232283923983911 -0.045669247578662316
65.929163069 0.9851341073400515 0.16397195823936722 0.02322746797925315 -0.04565602038877452
65.968959295 0.9851357210200644 0.16396263495338717 0.023227501208347674 -0.045654667855939406
66.008764278 0.9851362469378705 0.16395820314924017 0.023218644300332467 -0.045663739948610664
66.055297977 0.9851374725444215 0.1639530757318732 0.02321994663274334 -0.04565504599954562
66.095057497 0.9851338698268738 0.16397380969322412 0.023233790272822068 -0.045651278669680974
66.141522603 0.9851308605548411 0.1639926765885064 0.023232057960218315 -0.04564932738550363
66.181372079 0.9851271097350797 0.1640099577059172 0.02322183824069583 -0.04567338028911886
66.221532811 0.9851259423527591 0.16401291558398906 0.02325492737937057 -0.04567110221800994
66.267902214 0.9851220357847954 0.16404098898994102 0.02322068858225111 -0.04567196256116866
66.307648346 0.9851225710203546 0.16403817520152325 0.02321028177157188 -0.04567581376270432
66.354072282 0.9851253972396846 0.16402568792566544 0.023212714193100652 -0.04565846376801614
66.39382643 0.9851177761405997 0.16407287640345716 0.02319861031702031 -0.04566051729727013
66.440449949 0.985122061913483 0.16404642162028651 0.02318315526286493 -0.045670953536849385
66.480186581 0.9851194140159827 0.16405403178430494 0.023166013929400677 -0.0457094145963849
66.520276788 0.9851218616907789 0.1640378659470889 0.02315392796584343 -0.04572080242265539
66.559975425 0.9851239368527628 0.16402534490459605 0.023158086598995205 -0.04571890521125444
66.606356189 0.9851252110611108 0.1640140491448305 0.023151489971217687 -0.045735311598715196
66.639745497 0.9851280746905454 0.1639960660356495 0.023156259881087347 -0.045735701696265084
66.679409122 0.9851241163960327 0.16402187222432477 0.023133054626637128 -0.04574016299276024
66.725981642 0.9851210468641785 0.16404110966507587 0.02312756910616942 -0.04574005807074483
